2026-06-29 12:42:41,792 | INFO     | 
2026-06-29 12:42:41,792 | INFO     | ================================================================================
2026-06-29 12:42:41,793 | INFO     | PDF AUTOMATION SYSTEM
2026-06-29 12:42:41,793 | INFO     | Started At : 29-06-2026 12:42:41
2026-06-29 12:42:41,794 | INFO     | ================================================================================
2026-06-29 12:42:41,794 | INFO     | ======================================================================
2026-06-29 12:42:41,795 | INFO     | Running NSE
2026-06-29 12:42:41,795 | INFO     | ======================================================================
2026-06-29 12:42:42,894 | INFO     | NSE Completed Successfully
2026-06-29 12:42:42,894 | INFO     | ======================================================================
2026-06-29 12:42:42,894 | INFO     | Running BSE
2026-06-29 12:42:42,895 | INFO     | ======================================================================
2026-06-29 12:42:43,718 | INFO     | BSE Completed Successfully
2026-06-29 12:42:43,719 | INFO     | ======================================================================
2026-06-29 12:42:43,719 | INFO     | Running CDSL
2026-06-29 12:42:43,719 | INFO     | ======================================================================
2026-06-29 12:42:45,651 | INFO     | CDSL Completed Successfully
2026-06-29 12:42:45,651 | INFO     | ======================================================================
2026-06-29 12:42:45,652 | INFO     | Running AMFI
2026-06-29 12:42:45,652 | INFO     | ======================================================================
2026-06-29 12:42:45,652 | INFO     | 
2026-06-29 12:42:45,653 | INFO     | ========== AMFI ==========
2026-06-29 12:42:46,429 | INFO     | Running AMFI extractor...
2026-06-29 12:42:46,525 | INFO     | Total Documents Found : 56
2026-06-29 12:42:46,525 | INFO     | New Documents Found : 56
2026-06-29 12:42:46,526 | INFO     | [EXISTS] AMFI_Master_Cicular_for_MF_Ds_3c7f5ee44f_82edcfdf.pdf
2026-06-29 12:42:46,526 | INFO     | [EXISTS] CIR_31_dated_31_Dec_2025_5120ecfbe7_18ca068d.pdf
2026-06-29 12:42:46,527 | INFO     | [EXISTS] CIR_30_dated_Oct_27_2025_05d7d80e84_f67e8cd1.pdf
2026-06-29 12:42:46,528 | INFO     | [EXISTS] AMFI_Best_Practices_Guidelines_Circular_No_106_A_dt_17_10_2025_2025_26_a791fba2ed_6a946767.pdf
2026-06-29 12:42:46,528 | INFO     | [EXISTS] AMFICircular_ARN29_31Jul2025_5e3c3d69.pdf
2026-06-29 12:42:46,529 | INFO     | [EXISTS] AMFICircular_28R_02Apr2025_ec52b617.pdf
2026-06-29 12:42:46,529 | INFO     | [EXISTS] AMFICircular_27_17Sep2024_03205cca.pdf
2026-06-29 12:42:46,530 | INFO     | [EXISTS] AMFICircular26-24Jul2024_6616ab01.pdf
2026-06-29 12:42:46,530 | INFO     | [EXISTS] ARNCircular25-CentralisedProcessforAUMTransfer_fceabce8.pdf
2026-06-29 12:42:46,531 | INFO     | [EXISTS] ARNCircular25_Annexure_1a-1b_6b2a03d1.pdf
2026-06-29 12:42:46,531 | INFO     | [EXISTS] ARNCircular25_Annexure_1c_87f3b1d0.pdf
2026-06-29 12:42:46,532 | INFO     | [EXISTS] ARNCircular25_Annexure_2_1096c3ee.pdf
2026-06-29 12:42:46,532 | INFO     | [EXISTS] ARNCircular25_Annexure_3_d8a516eb.pdf
2026-06-29 12:42:46,533 | INFO     | [EXISTS] ARNCircular25_Annexure4_e76b4fb6.pdf
2026-06-29 12:42:46,533 | INFO     | [EXISTS] ARNCircular25_Annexure_5_1419919b.pdf
2026-06-29 12:42:46,534 | INFO     | [EXISTS] ARNCircular25_Annexure_6_82682683.pdf
2026-06-29 12:42:46,534 | INFO     | [EXISTS] ARNCircular25_Annexure_7_6e4d429c.pdf
2026-06-29 12:42:46,534 | INFO     | [EXISTS] ARNCircular25_Annexure_8_4f280b63.pdf
2026-06-29 12:42:46,535 | INFO     | [EXISTS] ARNCircular25_Annexure_9_cbf18f11.pdf
2026-06-29 12:42:46,535 | INFO     | [EXISTS] ARNCircular24-OptiontoapplyforProvisionalARN_a0d40120.pdf
2026-06-29 12:42:46,536 | INFO     | [EXISTS] AnnexureA-LOUforEUINmappingsubsequently_fefdb24c.pdf
2026-06-29 12:42:46,536 | INFO     | [EXISTS] AnnexureB-SampleLettertoMFclients_02538258.pdf
2026-06-29 12:42:46,536 | INFO     | [EXISTS] AnnexureC-LOUforEUINmappingsubsequently_3b400cbd.pdf
2026-06-29 12:42:46,537 | INFO     | [EXISTS] AMFI_BP_Circular-107-dt.04-May-23_5c98a186.pdf
2026-06-29 12:42:46,538 | INFO     | [EXISTS] AMFIBestPracticesGuidelinesCircularNo.106_21.03.2023_f610acb4.pdf
2026-06-29 12:42:46,538 | INFO     | [EXISTS] ARNCircular23(25-Jul-22)_ee0f06ae.pdf
2026-06-29 12:42:46,539 | INFO     | [EXISTS] ARNCircular22a-RevisedCodeofConductforMFDs2022_aa5c4563.pdf
2026-06-29 12:42:46,539 | INFO     | Downloading : RevisedCodeofConductforMutualFundDistributors-April2022_2bfd2840.pdf
2026-06-29 12:42:47,302 | ERROR    | Failed : RevisedCodeofConductforMutualFundDistributors-April2022_2bfd2840.pdf
Traceback (most recent call last):
  File "C:\ISEC\PDF_Downloader_Automation\extractors\amfi.py", line 153, in download_documents
    response.raise_for_status()
    ~~~~~~~~~~~~~~~~~~~~~~~~~^^
  File "C:\Users\admin\AppData\Local\Programs\Python\Python314\Lib\site-packages\requests\models.py", line 1026, in raise_for_status
    raise HTTPError(http_error_msg, response=self)
requests.exceptions.HTTPError: 404 Client Error: Not Found for url: https://www.amfiindia.com/Themes/Theme1/downloads/RevisedCodeofConductforMutualFundDistributors-April2022.pdf
2026-06-29 12:42:47,344 | INFO     | [EXISTS] AMFICircularno.21dt30-Mar-22Classificationw.r.t.SoleproprietorshipforARNpurposes_da0b0a32.pdf
2026-06-29 12:42:47,344 | INFO     | [EXISTS] AMFIBestPracticesGuidelinesCircularNo.99dt.29-Mar-22_48b2c4e2.pdf
2026-06-29 12:42:47,345 | INFO     | [EXISTS] AMFIARNCircular-ReductioningraceperiodforrenewalofARNw.e.f.01-Jul-22_6acd679c.pdf
2026-06-29 12:42:47,345 | INFO     | [EXISTS] SEBIClarificationw.r.t.transactionsunderDirectPlan_e092a095.PDF
2026-06-29 12:42:47,346 | INFO     | [EXISTS] DocumentaryevidenceforhavingappliedtoROCforNameChange_039393f2.docx
2026-06-29 12:42:47,346 | INFO     | [EXISTS] RequesttoUpdateChangeinName-Proprietorshipfirm_debb95fd.docx
2026-06-29 12:42:47,347 | INFO     | [EXISTS] RequestforChangeofNameofMFD-PursuanttoSEBIIARegulations_739a1cbb.docx
2026-06-29 12:42:47,347 | INFO     | [EXISTS] AMFICircular19dated20-Oct-2020_AMFIGUIDANCEONMFDNOMENCLATURE_44aead55.pdf
2026-06-29 12:42:47,348 | INFO     | [EXISTS] AMFI%20Circular%20no.%20CIR-18%20dt.%2004-Jul-2019%20-%20Time%20Limit%20for%20submission%20of%20annual%20DSC_e24fea88.pdf
2026-06-29 12:42:47,349 | INFO     | [EXISTS] AMFI_BP_Cir_77_dt_20-3-19_Std_Proc_for_Capturing,_Updating_Email%20ID,_Mobile%20No_8c6c40f0.pdf
2026-06-29 12:42:47,349 | INFO     | [EXISTS] AMFI_BP_Cir_76_dt.%2020-3-19-Std._Proc._for_Tagging_Trxns_to_T-30,B-30_PIN_Codes_ac134107.pdf
2026-06-29 12:42:47,350 | INFO     | [EXISTS] cir-arn-17-14-15_edd4eb4e.pdf
2026-06-29 12:42:47,350 | INFO     | [EXISTS] Registration_form_for_Overseas_Distributors_570e03c3.pdf
2026-06-29 12:42:47,351 | INFO     | [EXISTS] CIRARN151213_2e294649.pdf
2026-06-29 12:42:47,351 | INFO     | [EXISTS] CIRARN141213_e51dc3d1.pdf
2026-06-29 12:42:47,351 | INFO     | [EXISTS] CIRARN-1311-12_73eab9d2.pdf
2026-06-29 12:42:47,352 | INFO     | [EXISTS] CIRARN-1210-11_4bb5df84.pdf
2026-06-29 12:42:47,352 | INFO     | [EXISTS] CIRARN-1109-10_9111c318.pdf
2026-06-29 12:42:47,353 | INFO     | [EXISTS] UnifiedAMFIcircularRevised_cb3df96a.pdf
2026-06-29 12:42:47,353 | INFO     | [EXISTS] UnifiedAMFIcircular_4854e68a.pdf
2026-06-29 12:42:47,354 | INFO     | [EXISTS] amfi-certification_7d71d4a5.pdf
2026-06-29 12:42:47,354 | INFO     | [EXISTS] clarification-regarding-self-certification-suspension-of-payment-of-commission_40c78509.pdf
2026-06-29 12:42:47,355 | INFO     | [EXISTS] clarification-regarding-payment-of-brokerage-to-intermediaries_39ef8f22.pdf
2026-06-29 12:42:47,356 | INFO     | [EXISTS] clarifications-regarding-self-certification-by-intermediaries_3a880994.pdf
2026-06-29 12:42:47,357 | INFO     | [EXISTS] clarifications-regarding-self-certification-and-nomination-facilities-to-agents-distributors_c3b80d01.pdf
2026-06-29 12:42:47,357 | INFO     | [EXISTS] clarifications-regarding-payment-of-brokerage-to-intermediaries_e0d0b4ca.pdf
2026-06-29 12:42:47,358 | INFO     | [EXISTS] clarifications-on-the-implementation-of-amfi-guidelines-on-the-code-of-conduct_76c40add.pdf
2026-06-29 12:42:47,358 | INFO     | [EXISTS] guidelines-for-the-registration-of-intermediaries_5fccf139.pdf
2026-06-29 12:42:47,359 | INFO     | 
2026-06-29 12:42:47,359 | INFO     | AMFI Summary
2026-06-29 12:42:47,359 | INFO     | -------------------------
2026-06-29 12:42:47,360 | INFO     | Downloaded : 0
2026-06-29 12:42:47,360 | INFO     | Skipped    : 55
2026-06-29 12:42:47,367 | INFO     | AMFI Completed Successfully.
2026-06-29 12:42:47,367 | INFO     | AMFI Completed Successfully
2026-06-29 12:42:47,367 | INFO     | ======================================================================
2026-06-29 12:42:47,368 | INFO     | Running ARCL
2026-06-29 12:42:47,368 | INFO     | ======================================================================
2026-06-29 12:42:52,083 | INFO     | ARCL Completed Successfully
2026-06-29 12:42:52,083 | INFO     | ======================================================================
2026-06-29 12:42:52,084 | INFO     | Running CKYC
2026-06-29 12:42:52,084 | INFO     | ======================================================================
2026-06-29 12:42:54,527 | INFO     | CKYC Completed Successfully
2026-06-29 12:42:54,528 | INFO     | ======================================================================
2026-06-29 12:42:54,528 | INFO     | Running MCX
2026-06-29 12:42:54,528 | INFO     | ======================================================================
2026-06-29 12:42:56,317 | INFO     | MCX Completed Successfully
2026-06-29 12:42:56,317 | INFO     | 
2026-06-29 12:42:56,318 | INFO     | ================================================================================
2026-06-29 12:42:56,318 | INFO     | AUTOMATION FINISHED
2026-06-29 12:42:56,319 | INFO     | Finished At : 29-06-2026 12:42:56
2026-06-29 12:42:56,319 | INFO     | ================================================================================
2026-06-29 12:46:16,951 | INFO     | 
2026-06-29 12:46:16,952 | INFO     | ================================================================================
2026-06-29 12:46:16,952 | INFO     | PDF AUTOMATION SYSTEM
2026-06-29 12:46:16,952 | INFO     | Started At : 29-06-2026 12:46:16
2026-06-29 12:46:16,953 | INFO     | ================================================================================
2026-06-29 12:46:16,953 | INFO     | ======================================================================
2026-06-29 12:46:16,953 | INFO     | Running NSE
2026-06-29 12:46:16,954 | INFO     | ======================================================================
2026-06-29 12:46:18,366 | INFO     | NSE Completed Successfully
2026-06-29 12:46:18,367 | INFO     | ======================================================================
2026-06-29 12:46:18,367 | INFO     | Running BSE
2026-06-29 12:46:18,367 | INFO     | ======================================================================
2026-06-29 12:46:19,219 | INFO     | BSE Completed Successfully
2026-06-29 12:46:19,219 | INFO     | ======================================================================
2026-06-29 12:46:19,219 | INFO     | Running CDSL
2026-06-29 12:46:19,220 | INFO     | ======================================================================
2026-06-29 12:46:21,263 | INFO     | CDSL Completed Successfully
2026-06-29 12:46:21,263 | INFO     | ======================================================================
2026-06-29 12:46:21,264 | INFO     | Running AMFI
2026-06-29 12:46:21,264 | INFO     | ======================================================================
2026-06-29 12:46:21,264 | INFO     | 
2026-06-29 12:46:21,265 | INFO     | ========== AMFI ==========
2026-06-29 12:46:22,004 | INFO     | Running AMFI extractor...
2026-06-29 12:46:22,086 | INFO     | Total Documents Found : 56
2026-06-29 12:46:22,087 | INFO     | New Documents Found : 56
2026-06-29 12:46:22,087 | INFO     | [EXISTS] AMFI_Master_Cicular_for_MF_Ds_3c7f5ee44f_82edcfdf.pdf
2026-06-29 12:46:22,088 | INFO     | [EXISTS] CIR_31_dated_31_Dec_2025_5120ecfbe7_18ca068d.pdf
2026-06-29 12:46:22,088 | INFO     | [EXISTS] CIR_30_dated_Oct_27_2025_05d7d80e84_f67e8cd1.pdf
2026-06-29 12:46:22,089 | INFO     | [EXISTS] AMFI_Best_Practices_Guidelines_Circular_No_106_A_dt_17_10_2025_2025_26_a791fba2ed_6a946767.pdf
2026-06-29 12:46:22,090 | INFO     | [EXISTS] AMFICircular_ARN29_31Jul2025_5e3c3d69.pdf
2026-06-29 12:46:22,090 | INFO     | [EXISTS] AMFICircular_28R_02Apr2025_ec52b617.pdf
2026-06-29 12:46:22,090 | INFO     | [EXISTS] AMFICircular_27_17Sep2024_03205cca.pdf
2026-06-29 12:46:22,091 | INFO     | [EXISTS] AMFICircular26-24Jul2024_6616ab01.pdf
2026-06-29 12:46:22,092 | INFO     | [EXISTS] ARNCircular25-CentralisedProcessforAUMTransfer_fceabce8.pdf
2026-06-29 12:46:22,093 | INFO     | [EXISTS] ARNCircular25_Annexure_1a-1b_6b2a03d1.pdf
2026-06-29 12:46:22,094 | INFO     | [EXISTS] ARNCircular25_Annexure_1c_87f3b1d0.pdf
2026-06-29 12:46:22,094 | INFO     | [EXISTS] ARNCircular25_Annexure_2_1096c3ee.pdf
2026-06-29 12:46:22,095 | INFO     | [EXISTS] ARNCircular25_Annexure_3_d8a516eb.pdf
2026-06-29 12:46:22,095 | INFO     | [EXISTS] ARNCircular25_Annexure4_e76b4fb6.pdf
2026-06-29 12:46:22,096 | INFO     | [EXISTS] ARNCircular25_Annexure_5_1419919b.pdf
2026-06-29 12:46:22,096 | INFO     | [EXISTS] ARNCircular25_Annexure_6_82682683.pdf
2026-06-29 12:46:22,096 | INFO     | [EXISTS] ARNCircular25_Annexure_7_6e4d429c.pdf
2026-06-29 12:46:22,097 | INFO     | [EXISTS] ARNCircular25_Annexure_8_4f280b63.pdf
2026-06-29 12:46:22,097 | INFO     | [EXISTS] ARNCircular25_Annexure_9_cbf18f11.pdf
2026-06-29 12:46:22,100 | INFO     | [EXISTS] ARNCircular24-OptiontoapplyforProvisionalARN_a0d40120.pdf
2026-06-29 12:46:22,101 | INFO     | [EXISTS] AnnexureA-LOUforEUINmappingsubsequently_fefdb24c.pdf
2026-06-29 12:46:22,102 | INFO     | [EXISTS] AnnexureB-SampleLettertoMFclients_02538258.pdf
2026-06-29 12:46:22,102 | INFO     | [EXISTS] AnnexureC-LOUforEUINmappingsubsequently_3b400cbd.pdf
2026-06-29 12:46:22,103 | INFO     | [EXISTS] AMFI_BP_Circular-107-dt.04-May-23_5c98a186.pdf
2026-06-29 12:46:22,103 | INFO     | [EXISTS] AMFIBestPracticesGuidelinesCircularNo.106_21.03.2023_f610acb4.pdf
2026-06-29 12:46:22,104 | INFO     | [EXISTS] ARNCircular23(25-Jul-22)_ee0f06ae.pdf
2026-06-29 12:46:22,104 | INFO     | [EXISTS] ARNCircular22a-RevisedCodeofConductforMFDs2022_aa5c4563.pdf
2026-06-29 12:46:22,105 | INFO     | Downloading : RevisedCodeofConductforMutualFundDistributors-April2022_2bfd2840.pdf
2026-06-29 12:46:22,829 | ERROR    | Failed : RevisedCodeofConductforMutualFundDistributors-April2022_2bfd2840.pdf
Traceback (most recent call last):
  File "C:\ISEC\PDF_Downloader_Automation\extractors\amfi.py", line 153, in download_documents
    response.raise_for_status()
    ~~~~~~~~~~~~~~~~~~~~~~~~~^^
  File "C:\Users\admin\AppData\Local\Programs\Python\Python314\Lib\site-packages\requests\models.py", line 1026, in raise_for_status
    raise HTTPError(http_error_msg, response=self)
requests.exceptions.HTTPError: 404 Client Error: Not Found for url: https://www.amfiindia.com/Themes/Theme1/downloads/RevisedCodeofConductforMutualFundDistributors-April2022.pdf
2026-06-29 12:46:22,832 | INFO     | [EXISTS] AMFICircularno.21dt30-Mar-22Classificationw.r.t.SoleproprietorshipforARNpurposes_da0b0a32.pdf
2026-06-29 12:46:22,832 | INFO     | [EXISTS] AMFIBestPracticesGuidelinesCircularNo.99dt.29-Mar-22_48b2c4e2.pdf
2026-06-29 12:46:22,833 | INFO     | [EXISTS] AMFIARNCircular-ReductioningraceperiodforrenewalofARNw.e.f.01-Jul-22_6acd679c.pdf
2026-06-29 12:46:22,833 | INFO     | [EXISTS] SEBIClarificationw.r.t.transactionsunderDirectPlan_e092a095.PDF
2026-06-29 12:46:22,833 | INFO     | [EXISTS] DocumentaryevidenceforhavingappliedtoROCforNameChange_039393f2.docx
2026-06-29 12:46:22,834 | INFO     | [EXISTS] RequesttoUpdateChangeinName-Proprietorshipfirm_debb95fd.docx
2026-06-29 12:46:22,834 | INFO     | [EXISTS] RequestforChangeofNameofMFD-PursuanttoSEBIIARegulations_739a1cbb.docx
2026-06-29 12:46:22,835 | INFO     | [EXISTS] AMFICircular19dated20-Oct-2020_AMFIGUIDANCEONMFDNOMENCLATURE_44aead55.pdf
2026-06-29 12:46:22,835 | INFO     | [EXISTS] AMFI%20Circular%20no.%20CIR-18%20dt.%2004-Jul-2019%20-%20Time%20Limit%20for%20submission%20of%20annual%20DSC_e24fea88.pdf
2026-06-29 12:46:22,836 | INFO     | [EXISTS] AMFI_BP_Cir_77_dt_20-3-19_Std_Proc_for_Capturing,_Updating_Email%20ID,_Mobile%20No_8c6c40f0.pdf
2026-06-29 12:46:22,836 | INFO     | [EXISTS] AMFI_BP_Cir_76_dt.%2020-3-19-Std._Proc._for_Tagging_Trxns_to_T-30,B-30_PIN_Codes_ac134107.pdf
2026-06-29 12:46:22,836 | INFO     | [EXISTS] cir-arn-17-14-15_edd4eb4e.pdf
2026-06-29 12:46:22,837 | INFO     | [EXISTS] Registration_form_for_Overseas_Distributors_570e03c3.pdf
2026-06-29 12:46:22,837 | INFO     | [EXISTS] CIRARN151213_2e294649.pdf
2026-06-29 12:46:22,838 | INFO     | [EXISTS] CIRARN141213_e51dc3d1.pdf
2026-06-29 12:46:22,838 | INFO     | [EXISTS] CIRARN-1311-12_73eab9d2.pdf
2026-06-29 12:46:22,838 | INFO     | [EXISTS] CIRARN-1210-11_4bb5df84.pdf
2026-06-29 12:46:22,839 | INFO     | [EXISTS] CIRARN-1109-10_9111c318.pdf
2026-06-29 12:46:22,839 | INFO     | [EXISTS] UnifiedAMFIcircularRevised_cb3df96a.pdf
2026-06-29 12:46:22,840 | INFO     | [EXISTS] UnifiedAMFIcircular_4854e68a.pdf
2026-06-29 12:46:22,840 | INFO     | [EXISTS] amfi-certification_7d71d4a5.pdf
2026-06-29 12:46:22,841 | INFO     | [EXISTS] clarification-regarding-self-certification-suspension-of-payment-of-commission_40c78509.pdf
2026-06-29 12:46:22,841 | INFO     | [EXISTS] clarification-regarding-payment-of-brokerage-to-intermediaries_39ef8f22.pdf
2026-06-29 12:46:22,841 | INFO     | [EXISTS] clarifications-regarding-self-certification-by-intermediaries_3a880994.pdf
2026-06-29 12:46:22,842 | INFO     | [EXISTS] clarifications-regarding-self-certification-and-nomination-facilities-to-agents-distributors_c3b80d01.pdf
2026-06-29 12:46:22,843 | INFO     | [EXISTS] clarifications-regarding-payment-of-brokerage-to-intermediaries_e0d0b4ca.pdf
2026-06-29 12:46:22,843 | INFO     | [EXISTS] clarifications-on-the-implementation-of-amfi-guidelines-on-the-code-of-conduct_76c40add.pdf
2026-06-29 12:46:22,844 | INFO     | [EXISTS] guidelines-for-the-registration-of-intermediaries_5fccf139.pdf
2026-06-29 12:46:22,844 | INFO     | 
2026-06-29 12:46:22,844 | INFO     | AMFI Summary
2026-06-29 12:46:22,845 | INFO     | -------------------------
2026-06-29 12:46:22,845 | INFO     | Downloaded : 0
2026-06-29 12:46:22,845 | INFO     | Skipped    : 55
2026-06-29 12:46:22,850 | INFO     | AMFI Completed Successfully.
2026-06-29 12:46:22,850 | INFO     | AMFI Completed Successfully
2026-06-29 12:46:22,850 | INFO     | ======================================================================
2026-06-29 12:46:22,851 | INFO     | Running ARCL
2026-06-29 12:46:22,851 | INFO     | ======================================================================
2026-06-29 12:46:27,598 | INFO     | ARCL Completed Successfully
2026-06-29 12:46:27,599 | INFO     | ======================================================================
2026-06-29 12:46:27,599 | INFO     | Running CKYC
2026-06-29 12:46:27,599 | INFO     | ======================================================================
2026-06-29 12:46:29,955 | INFO     | CKYC Completed Successfully
2026-06-29 12:46:29,956 | INFO     | ======================================================================
2026-06-29 12:46:29,956 | INFO     | Running MCX
2026-06-29 12:46:29,957 | INFO     | ======================================================================
2026-06-29 12:46:31,710 | INFO     | MCX Completed Successfully
2026-06-29 12:46:31,711 | INFO     | 
2026-06-29 12:46:31,711 | INFO     | ================================================================================
2026-06-29 12:46:31,711 | INFO     | AUTOMATION FINISHED
2026-06-29 12:46:31,712 | INFO     | Finished At : 29-06-2026 12:46:31
2026-06-29 12:46:31,712 | INFO     | ================================================================================
2026-06-29 12:54:38,003 | INFO     | 
2026-06-29 12:54:38,004 | INFO     | ================================================================================
2026-06-29 12:54:38,004 | INFO     | PDF AUTOMATION SYSTEM
2026-06-29 12:54:38,004 | INFO     | Started At : 29-06-2026 12:54:38
2026-06-29 12:54:38,005 | INFO     | ================================================================================
2026-06-29 12:54:38,005 | INFO     | ======================================================================
2026-06-29 12:54:38,006 | INFO     | Running NSE
2026-06-29 12:54:38,006 | INFO     | ======================================================================
2026-06-29 12:54:39,356 | INFO     | NSE Completed Successfully
2026-06-29 12:54:39,356 | INFO     | ======================================================================
2026-06-29 12:54:39,356 | INFO     | Running BSE
2026-06-29 12:54:39,357 | INFO     | ======================================================================
2026-06-29 12:54:40,185 | INFO     | BSE Completed Successfully
2026-06-29 12:54:40,185 | INFO     | ======================================================================
2026-06-29 12:54:40,185 | INFO     | Running CDSL
2026-06-29 12:54:40,186 | INFO     | ======================================================================
2026-06-29 12:54:42,199 | INFO     | CDSL Completed Successfully
2026-06-29 12:54:42,200 | INFO     | ======================================================================
2026-06-29 12:54:42,200 | INFO     | Running AMFI
2026-06-29 12:54:42,200 | INFO     | ======================================================================
2026-06-29 12:54:42,201 | INFO     | 
2026-06-29 12:54:42,201 | INFO     | ========== AMFI ==========
2026-06-29 12:54:42,997 | INFO     | Running AMFI extractor...
2026-06-29 12:54:43,097 | INFO     | Total Documents Found : 56
2026-06-29 12:54:43,098 | INFO     | Already Processed     : 0
2026-06-29 12:54:43,098 | INFO     | New Documents Found   : 56
2026-06-29 12:54:43,099 | INFO     | Downloading : AMFI_Master_Cicular_for_MF_Ds_3c7f5ee44f_82edcfdf.pdf
2026-06-29 12:54:44,398 | INFO     | Downloading : CIR_31_dated_31_Dec_2025_5120ecfbe7_18ca068d.pdf
2026-06-29 12:54:45,255 | INFO     | Downloading : CIR_30_dated_Oct_27_2025_05d7d80e84_f67e8cd1.pdf
2026-06-29 12:54:46,151 | INFO     | Downloading : AMFI_Best_Practices_Guidelines_Circular_No_106_A_dt_17_10_2025_2025_26_a791fba2ed_6a946767.pdf
2026-06-29 12:54:46,895 | INFO     | Downloading : AMFICircular_ARN29_31Jul2025_5e3c3d69.pdf
2026-06-29 12:54:48,435 | INFO     | Downloading : AMFICircular_28R_02Apr2025_ec52b617.pdf
2026-06-29 12:54:49,199 | INFO     | Downloading : AMFICircular_27_17Sep2024_03205cca.pdf
2026-06-29 12:54:49,898 | INFO     | Downloading : AMFICircular26-24Jul2024_6616ab01.pdf
2026-06-29 12:54:50,633 | INFO     | Downloading : ARNCircular25-CentralisedProcessforAUMTransfer_fceabce8.pdf
2026-06-29 12:54:51,408 | INFO     | Downloading : ARNCircular25_Annexure_1a-1b_6b2a03d1.pdf
2026-06-29 12:54:52,144 | INFO     | Downloading : ARNCircular25_Annexure_1c_87f3b1d0.pdf
2026-06-29 12:54:53,050 | INFO     | Downloading : ARNCircular25_Annexure_2_1096c3ee.pdf
2026-06-29 12:54:53,802 | INFO     | Downloading : ARNCircular25_Annexure_3_d8a516eb.pdf
2026-06-29 12:54:54,561 | INFO     | Downloading : ARNCircular25_Annexure4_e76b4fb6.pdf
2026-06-29 12:54:55,392 | INFO     | Downloading : ARNCircular25_Annexure_5_1419919b.pdf
2026-06-29 12:54:56,224 | INFO     | Downloading : ARNCircular25_Annexure_6_82682683.pdf
2026-06-29 12:54:56,966 | INFO     | Downloading : ARNCircular25_Annexure_7_6e4d429c.pdf
2026-06-29 12:54:57,705 | INFO     | Downloading : ARNCircular25_Annexure_8_4f280b63.pdf
2026-06-29 12:54:58,486 | INFO     | Downloading : ARNCircular25_Annexure_9_cbf18f11.pdf
2026-06-29 12:54:59,257 | INFO     | Downloading : ARNCircular24-OptiontoapplyforProvisionalARN_a0d40120.pdf
2026-06-29 12:55:00,059 | INFO     | Downloading : AnnexureA-LOUforEUINmappingsubsequently_fefdb24c.pdf
2026-06-29 12:55:00,848 | INFO     | Downloading : AnnexureB-SampleLettertoMFclients_02538258.pdf
2026-06-29 12:55:01,651 | INFO     | Downloading : AnnexureC-LOUforEUINmappingsubsequently_3b400cbd.pdf
2026-06-29 12:55:02,446 | INFO     | Downloading : AMFI_BP_Circular-107-dt.04-May-23_5c98a186.pdf
2026-06-29 12:55:03,308 | INFO     | Downloading : AMFIBestPracticesGuidelinesCircularNo.106_21.03.2023_f610acb4.pdf
2026-06-29 12:55:04,455 | INFO     | Downloading : ARNCircular23(25-Jul-22)_ee0f06ae.pdf
2026-06-29 12:55:05,271 | INFO     | Downloading : ARNCircular22a-RevisedCodeofConductforMFDs2022_aa5c4563.pdf
2026-06-29 12:55:06,106 | INFO     | Downloading : RevisedCodeofConductforMutualFundDistributors-April2022_2bfd2840.pdf
2026-06-29 12:55:06,899 | ERROR    | Failed : RevisedCodeofConductforMutualFundDistributors-April2022_2bfd2840.pdf
Traceback (most recent call last):
  File "C:\ISEC\PDF_Downloader_Automation\extractors\amfi.py", line 110, in download_documents
    response.raise_for_status()
    ~~~~~~~~~~~~~~~~~~~~~~~~~^^
  File "C:\Users\admin\AppData\Local\Programs\Python\Python314\Lib\site-packages\requests\models.py", line 1026, in raise_for_status
    raise HTTPError(http_error_msg, response=self)
requests.exceptions.HTTPError: 404 Client Error: Not Found for url: https://www.amfiindia.com/Themes/Theme1/downloads/RevisedCodeofConductforMutualFundDistributors-April2022.pdf
2026-06-29 12:55:06,902 | INFO     | Downloading : AMFICircularno.21dt30-Mar-22Classificationw.r.t.SoleproprietorshipforARNpurposes_da0b0a32.pdf
2026-06-29 12:55:07,713 | INFO     | Downloading : AMFIBestPracticesGuidelinesCircularNo.99dt.29-Mar-22_48b2c4e2.pdf
2026-06-29 12:55:08,431 | INFO     | Downloading : AMFIARNCircular-ReductioningraceperiodforrenewalofARNw.e.f.01-Jul-22_6acd679c.pdf
2026-06-29 12:55:09,225 | INFO     | Downloading : SEBIClarificationw.r.t.transactionsunderDirectPlan_e092a095.PDF
2026-06-29 12:55:10,049 | INFO     | Downloading : DocumentaryevidenceforhavingappliedtoROCforNameChange_039393f2.docx
2026-06-29 12:55:10,763 | INFO     | Downloading : RequesttoUpdateChangeinName-Proprietorshipfirm_debb95fd.docx
2026-06-29 12:55:11,497 | INFO     | Downloading : RequestforChangeofNameofMFD-PursuanttoSEBIIARegulations_739a1cbb.docx
2026-06-29 12:55:12,255 | INFO     | Downloading : AMFICircular19dated20-Oct-2020_AMFIGUIDANCEONMFDNOMENCLATURE_44aead55.pdf
2026-06-29 12:55:14,054 | INFO     | Downloading : AMFI%20Circular%20no.%20CIR-18%20dt.%2004-Jul-2019%20-%20Time%20Limit%20for%20submission%20of%20annual%20DSC_e24fea88.pdf
2026-06-29 12:55:14,805 | INFO     | Downloading : AMFI_BP_Cir_77_dt_20-3-19_Std_Proc_for_Capturing,_Updating_Email%20ID,_Mobile%20No_8c6c40f0.pdf
2026-06-29 12:55:15,718 | INFO     | Downloading : AMFI_BP_Cir_76_dt.%2020-3-19-Std._Proc._for_Tagging_Trxns_to_T-30,B-30_PIN_Codes_ac134107.pdf
2026-06-29 12:55:16,462 | INFO     | Downloading : cir-arn-17-14-15_edd4eb4e.pdf
2026-06-29 12:55:17,316 | INFO     | Downloading : Registration_form_for_Overseas_Distributors_570e03c3.pdf
2026-06-29 12:55:18,194 | INFO     | Downloading : CIRARN151213_2e294649.pdf
2026-06-29 12:55:19,038 | INFO     | Downloading : CIRARN141213_e51dc3d1.pdf
2026-06-29 12:55:19,793 | INFO     | Downloading : CIRARN-1311-12_73eab9d2.pdf
2026-06-29 12:55:20,529 | INFO     | Downloading : CIRARN-1210-11_4bb5df84.pdf
2026-06-29 12:55:21,309 | INFO     | Downloading : CIRARN-1109-10_9111c318.pdf
2026-06-29 12:55:22,074 | INFO     | Downloading : UnifiedAMFIcircularRevised_cb3df96a.pdf
2026-06-29 12:55:22,878 | INFO     | Downloading : UnifiedAMFIcircular_4854e68a.pdf
2026-06-29 12:55:23,716 | INFO     | Downloading : amfi-certification_7d71d4a5.pdf
2026-06-29 12:55:24,524 | INFO     | Downloading : clarification-regarding-self-certification-suspension-of-payment-of-commission_40c78509.pdf
2026-06-29 13:05:29,238 | INFO     | 
2026-06-29 13:05:29,239 | INFO     | ================================================================================
2026-06-29 13:05:29,239 | INFO     | PDF AUTOMATION SYSTEM
2026-06-29 13:05:29,239 | INFO     | Started At : 29-06-2026 13:05:29
2026-06-29 13:05:29,240 | INFO     | ================================================================================
2026-06-29 13:05:29,240 | INFO     | ======================================================================
2026-06-29 13:05:29,240 | INFO     | Running NSE
2026-06-29 13:05:29,241 | INFO     | ======================================================================
2026-06-29 13:05:30,663 | INFO     | NSE Completed Successfully
2026-06-29 13:05:30,664 | INFO     | ======================================================================
2026-06-29 13:05:30,665 | INFO     | Running BSE
2026-06-29 13:05:30,665 | INFO     | ======================================================================
2026-06-29 13:05:31,536 | INFO     | BSE Completed Successfully
2026-06-29 13:05:31,536 | INFO     | ======================================================================
2026-06-29 13:05:31,537 | INFO     | Running CDSL
2026-06-29 13:05:31,537 | INFO     | ======================================================================
2026-06-29 13:05:33,478 | INFO     | CDSL Completed Successfully
2026-06-29 13:05:33,478 | INFO     | ======================================================================
2026-06-29 13:05:33,478 | INFO     | Running AMFI
2026-06-29 13:05:33,479 | INFO     | ======================================================================
2026-06-29 13:05:33,480 | INFO     | 
2026-06-29 13:05:33,480 | INFO     | ========== AMFI ==========
2026-06-29 13:05:34,237 | INFO     | Running AMFI extractor...
2026-06-29 13:05:34,319 | INFO     | Total Documents Found : 56
2026-06-29 13:05:34,319 | INFO     | Already Processed     : 0
2026-06-29 13:05:34,319 | INFO     | Downloading : AMFI_Master_Cicular_for_MF_Ds_3c7f5ee44f_82edcfdf.pdf
2026-06-29 13:05:35,380 | INFO     | Downloading : CIR_31_dated_31_Dec_2025_5120ecfbe7_18ca068d.pdf
2026-06-29 13:05:36,170 | INFO     | Downloading : CIR_30_dated_Oct_27_2025_05d7d80e84_f67e8cd1.pdf
2026-06-29 13:05:36,934 | INFO     | Downloading : AMFI_Best_Practices_Guidelines_Circular_No_106_A_dt_17_10_2025_2025_26_a791fba2ed_6a946767.pdf
2026-06-29 13:05:37,688 | INFO     | Downloading : AMFICircular_ARN29_31Jul2025_5e3c3d69.pdf
2026-06-29 13:05:39,250 | INFO     | Downloading : AMFICircular_28R_02Apr2025_ec52b617.pdf
2026-06-29 13:05:39,979 | INFO     | Downloading : AMFICircular_27_17Sep2024_03205cca.pdf
2026-06-29 13:05:40,761 | INFO     | Downloading : AMFICircular26-24Jul2024_6616ab01.pdf
2026-06-29 13:05:41,506 | INFO     | Downloading : ARNCircular25-CentralisedProcessforAUMTransfer_fceabce8.pdf
2026-06-29 13:05:42,249 | INFO     | Downloading : ARNCircular25_Annexure_1a-1b_6b2a03d1.pdf
2026-06-29 13:05:43,048 | INFO     | Downloading : ARNCircular25_Annexure_1c_87f3b1d0.pdf
2026-06-29 13:05:43,941 | INFO     | Downloading : ARNCircular25_Annexure_2_1096c3ee.pdf
2026-06-29 13:05:44,742 | INFO     | Downloading : ARNCircular25_Annexure_3_d8a516eb.pdf
2026-06-29 13:05:45,502 | INFO     | Downloading : ARNCircular25_Annexure4_e76b4fb6.pdf
2026-06-29 13:05:46,250 | INFO     | Downloading : ARNCircular25_Annexure_5_1419919b.pdf
2026-06-29 13:05:47,011 | INFO     | Downloading : ARNCircular25_Annexure_6_82682683.pdf
2026-06-29 13:05:47,849 | INFO     | Downloading : ARNCircular25_Annexure_7_6e4d429c.pdf
2026-06-29 13:05:48,636 | INFO     | Downloading : ARNCircular25_Annexure_8_4f280b63.pdf
2026-06-29 13:05:49,457 | INFO     | Downloading : ARNCircular25_Annexure_9_cbf18f11.pdf
2026-06-29 13:05:50,244 | INFO     | Downloading : ARNCircular24-OptiontoapplyforProvisionalARN_a0d40120.pdf
2026-06-29 13:05:51,063 | INFO     | Downloading : AnnexureA-LOUforEUINmappingsubsequently_fefdb24c.pdf
2026-06-29 13:05:51,817 | INFO     | Downloading : AnnexureB-SampleLettertoMFclients_02538258.pdf
2026-06-29 13:05:52,597 | INFO     | Downloading : AnnexureC-LOUforEUINmappingsubsequently_3b400cbd.pdf
2026-06-29 13:05:53,495 | INFO     | Downloading : AMFI_BP_Circular-107-dt.04-May-23_5c98a186.pdf
2026-06-29 13:05:54,276 | INFO     | Downloading : AMFIBestPracticesGuidelinesCircularNo.106_21.03.2023_f610acb4.pdf
2026-06-29 13:05:55,053 | INFO     | Downloading : ARNCircular23(25-Jul-22)_ee0f06ae.pdf
2026-06-29 13:05:55,794 | INFO     | Downloading : ARNCircular22a-RevisedCodeofConductforMFDs2022_aa5c4563.pdf
2026-06-29 13:05:56,523 | INFO     | Downloading : RevisedCodeofConductforMutualFundDistributors-April2022_2bfd2840.pdf
2026-06-29 13:05:57,229 | ERROR    | Failed : RevisedCodeofConductforMutualFundDistributors-April2022_2bfd2840.pdf
Traceback (most recent call last):
  File "C:\ISEC\PDF_Downloader_Automation\extractors\amfi.py", line 77, in download_documents
    response.raise_for_status()
    ~~~~~~~~~~~~~~~~~~~~~~~~~^^
  File "C:\Users\admin\AppData\Local\Programs\Python\Python314\Lib\site-packages\requests\models.py", line 1026, in raise_for_status
    raise HTTPError(http_error_msg, response=self)
requests.exceptions.HTTPError: 404 Client Error: Not Found for url: https://www.amfiindia.com/Themes/Theme1/downloads/RevisedCodeofConductforMutualFundDistributors-April2022.pdf
2026-06-29 13:05:57,231 | INFO     | Downloading : AMFICircularno.21dt30-Mar-22Classificationw.r.t.SoleproprietorshipforARNpurposes_da0b0a32.pdf
2026-06-29 13:05:58,024 | INFO     | Downloading : AMFIBestPracticesGuidelinesCircularNo.99dt.29-Mar-22_48b2c4e2.pdf
2026-06-29 13:05:58,759 | INFO     | Downloading : AMFIARNCircular-ReductioningraceperiodforrenewalofARNw.e.f.01-Jul-22_6acd679c.pdf
2026-06-29 13:05:59,535 | INFO     | Downloading : SEBIClarificationw.r.t.transactionsunderDirectPlan_e092a095.PDF
2026-06-29 13:06:00,406 | INFO     | Downloading : DocumentaryevidenceforhavingappliedtoROCforNameChange_039393f2.docx
2026-06-29 13:06:01,198 | INFO     | Downloading : RequesttoUpdateChangeinName-Proprietorshipfirm_debb95fd.docx
2026-06-29 13:06:01,944 | INFO     | Downloading : RequestforChangeofNameofMFD-PursuanttoSEBIIARegulations_739a1cbb.docx
2026-06-29 13:06:02,709 | INFO     | Downloading : AMFICircular19dated20-Oct-2020_AMFIGUIDANCEONMFDNOMENCLATURE_44aead55.pdf
2026-06-29 13:06:03,440 | INFO     | Downloading : AMFI%20Circular%20no.%20CIR-18%20dt.%2004-Jul-2019%20-%20Time%20Limit%20for%20submission%20of%20annual%20DSC_e24fea88.pdf
2026-06-29 13:06:04,196 | INFO     | Downloading : AMFI_BP_Cir_77_dt_20-3-19_Std_Proc_for_Capturing,_Updating_Email%20ID,_Mobile%20No_8c6c40f0.pdf
2026-06-29 13:06:04,972 | INFO     | Downloading : AMFI_BP_Cir_76_dt.%2020-3-19-Std._Proc._for_Tagging_Trxns_to_T-30,B-30_PIN_Codes_ac134107.pdf
2026-06-29 13:06:05,810 | INFO     | Downloading : cir-arn-17-14-15_edd4eb4e.pdf
2026-06-29 13:06:06,579 | INFO     | Downloading : Registration_form_for_Overseas_Distributors_570e03c3.pdf
2026-06-29 13:06:07,294 | INFO     | Downloading : CIRARN151213_2e294649.pdf
2026-06-29 13:06:08,110 | INFO     | Downloading : CIRARN141213_e51dc3d1.pdf
2026-06-29 13:06:08,849 | INFO     | Downloading : CIRARN-1311-12_73eab9d2.pdf
2026-06-29 13:06:09,605 | INFO     | Downloading : CIRARN-1210-11_4bb5df84.pdf
2026-06-29 13:06:10,347 | INFO     | Downloading : CIRARN-1109-10_9111c318.pdf
2026-06-29 13:06:11,113 | INFO     | Downloading : UnifiedAMFIcircularRevised_cb3df96a.pdf
2026-06-29 13:06:11,902 | INFO     | Downloading : UnifiedAMFIcircular_4854e68a.pdf
2026-06-29 13:06:12,623 | INFO     | Downloading : amfi-certification_7d71d4a5.pdf
2026-06-29 13:06:13,380 | INFO     | Downloading : clarification-regarding-self-certification-suspension-of-payment-of-commission_40c78509.pdf
2026-06-29 13:06:14,197 | INFO     | Downloading : clarification-regarding-payment-of-brokerage-to-intermediaries_39ef8f22.pdf
2026-06-29 13:06:14,997 | INFO     | Downloading : clarifications-regarding-self-certification-by-intermediaries_3a880994.pdf
2026-06-29 13:06:15,780 | INFO     | Downloading : clarifications-regarding-self-certification-and-nomination-facilities-to-agents-distributors_c3b80d01.pdf
2026-06-29 13:06:16,552 | INFO     | Downloading : clarifications-regarding-payment-of-brokerage-to-intermediaries_e0d0b4ca.pdf
2026-06-29 13:06:17,364 | INFO     | Downloading : clarifications-on-the-implementation-of-amfi-guidelines-on-the-code-of-conduct_76c40add.pdf
2026-06-29 13:06:18,157 | INFO     | Downloading : guidelines-for-the-registration-of-intermediaries_5fccf139.pdf
2026-06-29 13:06:18,906 | INFO     | 
2026-06-29 13:06:18,906 | INFO     | AMFI Summary
2026-06-29 13:06:18,906 | INFO     | -------------------------
2026-06-29 13:06:18,907 | INFO     | Total Documents Found : 56
2026-06-29 13:06:18,907 | INFO     | Already Processed     : 0
2026-06-29 13:06:18,907 | INFO     | Downloaded            : 55
2026-06-29 13:06:18,908 | INFO     | Failed                : 1
2026-06-29 13:06:18,908 | INFO     | AMFI Completed Successfully
2026-06-29 13:06:18,908 | INFO     | ======================================================================
2026-06-29 13:06:18,909 | INFO     | Running ARCL
2026-06-29 13:06:18,909 | INFO     | ======================================================================
2026-06-29 13:06:18,909 | INFO     | 
2026-06-29 13:06:18,910 | INFO     | ========== ARCL ==========
2026-06-29 13:06:21,620 | INFO     | Running ARCL extractor...
2026-06-29 13:06:21,833 | INFO     | Total Documents Found : 413
2026-06-29 13:06:21,834 | INFO     | Already Processed     : 0
2026-06-29 13:06:21,835 | INFO     | Downloading : MembershipCriteria_45393420.pdf
2026-06-29 13:06:22,554 | INFO     | Downloading : CoreSGFContribution-GenericCalculator_5aa87a63.xlsx
2026-06-29 13:06:23,284 | INFO     | Downloading : BorrowerMarginCalculator_a7e258b1.xlsx
2026-06-29 13:06:24,119 | INFO     | Downloading : ARCL-ComplianceCalendar_44fb5951.pdf
2026-06-29 13:06:24,904 | INFO     | Downloading : 448_25-Jun-2026-List of additional eligible securities as collateral for Tri-party Repo for June 2026-15_a822c0d6.pdf
2026-06-29 13:06:25,916 | INFO     | Downloading : 447_23-Jun-2026-List of additional eligible securities as collateral for Tri-party Repo for June 2026-14_77279544.pdf
2026-06-29 13:06:26,803 | INFO     | Downloading : 446_22-Jun-2026-List of additional eligible securities as collateral for Tri-party Repo for June 2026-13_104d317d.pdf
2026-06-29 13:06:27,543 | INFO     | Downloading : 445_19-Jun-2026-List of additional eligible securities as collateral for Tri-party Repo for June 2026-12_16334616.pdf
2026-06-29 13:06:28,322 | INFO     | Downloading : 444_18-Jun-2026-List of additional eligible securities as collateral for Tri-party Repo for June 2026-11_e9e0602c.pdf
2026-06-29 13:06:29,089 | INFO     | Downloading : 443_17-Jun-2026-List of additional eligible securities as collateral for Tri-party Repo for June 2026-10_aa5dd4d1.pdf
2026-06-29 13:06:29,859 | INFO     | Downloading : 442_16-Jun-2026-List of additional eligible securities as collateral for Tri-party Repo for June 2026-09_4f5e2a69.pdf
2026-06-29 13:06:30,604 | INFO     | Downloading : 441_15-Jun-2026-List of additional eligible securities as collateral for Tri-party Repo for June 2026-08_de80b652.pdf
2026-06-29 13:06:31,372 | INFO     | Downloading : 440_15-Jun-2026-Settlement Calendar July 2026_1850756e.pdf
2026-06-29 13:06:32,173 | INFO     | Downloading : 439_12-Jun-2026-List of additional eligible securities as collateral for Tri-party Repo for June 2026-07_00977241.pdf
2026-06-29 13:06:32,988 | INFO     | Downloading : 438_10-Jun-2026-List of additional eligible securities as collateral for Tri-party Repo for June 2026-06_68caab28.pdf
2026-06-29 13:06:33,733 | INFO     | Downloading : 437_08-Jun-2026-List of additional eligible securities as collateral for Tri-party Repo for June 2026-05_9823b43f.pdf
2026-06-29 13:06:34,501 | INFO     | Downloading : 436_05-Jun-2026-List of additional eligible securities as collateral for Tri-party Repo for June 2026-04_31dbb192.pdf
2026-06-29 13:06:35,287 | INFO     | Downloading : 435_04-Jun-2026-List of additional eligible securities as collateral for Tri-party Repo for June 2026-03_13893301.pdf
2026-06-29 13:06:36,094 | INFO     | Downloading : 434_02-Jun-2026-List of additional eligible securities as collateral for Tri-party Repo for June 2026-02_6b69dd9b.pdf
2026-06-29 13:06:36,879 | INFO     | Downloading : 433_01-Jun-2026-List of additional eligible securities as collateral for Tri-party Repo for June 2026-01_6ed8b64d.pdf
2026-06-29 13:06:37,625 | INFO     | Downloading : 432_29-May-2026-List of additional eligible securities as collateral for Tri-party Repo for May 2026-10_9166e43b.pdf
2026-06-29 13:06:38,464 | INFO     | Downloading : 431_29-May-2026-June 2026_921d58f2.zip
2026-06-29 13:06:39,319 | INFO     | Downloading : 429_27-May-2026-List of additional eligible securities as collateral for Tri-party Repo for May 2026-09_645395fc.pdf
2026-06-29 13:06:40,122 | INFO     | Downloading : 428_26-May-2026-List of additional eligible securities as collateral for Tri-party Repo for May 2026-08_c37d2314.pdf
2026-06-29 13:06:41,881 | INFO     | Downloading : 427_22-May-2026-List of additional eligible securities as collateral for Tri-party Repo for May 2026-07_9c827984.pdf
2026-06-29 13:06:42,770 | INFO     | Downloading : 426_21-May-2026-List of additional eligible securities as collateral for Tri-party Repo for May 2026-06_d1ecc46d.pdf
2026-06-29 13:06:43,534 | INFO     | Downloading : 425_20-May-2026-List of additional eligible securities as collateral for Tri-party Repo for May 2026-05_e1d7fd98.pdf
2026-06-29 13:06:44,374 | INFO     | Downloading : 424_18-May-2026-Reminder -Internal Audit for Half year March 2026_d816a0a6.pdf
2026-06-29 13:06:45,161 | INFO     | Downloading : 423_18-May-2026-Reminder for Submission of HY NW March 2026_a1bf8dbd.pdf
2026-06-29 13:06:45,962 | INFO     | Downloading : 422_15-May-2026-Settlement Calendar JUNE 2026_192ba916.pdf
2026-06-29 13:06:46,731 | INFO     | Downloading : 421_14-May-2026-ARCL_Compliance_2026-27_022_21318690.zip
2026-06-29 13:06:47,567 | INFO     | Downloading : 420_14-May-2026-List of additional eligible securities as collateral for Tri-party Repo for May 2026-04_d817cc41.pdf
2026-06-29 13:06:48,567 | INFO     | Downloading : 419_13-May-2026-List of additional eligible securities as collateral for Tri-party Repo for May 2026-03_6d655dc0.pdf
2026-06-29 13:06:49,422 | INFO     | Downloading : 418_12-May-2026-Change in Cash Margin Addition Procedure_3dc7dbd1.pdf
2026-06-29 13:06:50,223 | INFO     | Downloading : 417_07-May-2026-Penalty and Financial Disincentives Framework_4d168b47.zip
2026-06-29 13:06:51,022 | INFO     | Downloading : 416_06-May-2026-List of additional eligible securities as collateral for Tri-party Repo for May 2026-02_c3924ab1.pdf
2026-06-29 13:06:51,793 | INFO     | Downloading : 415_05-May-2026-List of additional eligible securities as collateral for Tri-party Repo for May 2026-01_b57a4f2d.pdf
2026-06-29 13:06:52,543 | INFO     | Downloading : 414_30-Apr-2026-List of eligible securities as collateral for Tri-party Repo for Apr 2026_1cecce50.zip
2026-06-29 13:06:53,412 | INFO     | Downloading : 413_29-Apr-2026-List of additional eligible securities as collateral for Tri-party Repo for April 2026-09_1f78556d.pdf
2026-06-29 13:06:54,214 | INFO     | Downloading : 412_28-Apr-2026-List of additional eligible securities as collateral for Tri-party Repo for April 2026-08_9b254a75.pdf
2026-06-29 13:06:54,997 | INFO     | Downloading : 411_24-Apr-2026-List of additional eligible securities as collateral for Tri-party Repo for April 2026-07_c3305580.pdf
2026-06-29 13:06:55,774 | INFO     | Downloading : 410_23-Apr-2026-List of additional eligible securities as collateral for Tri-party Repo for April 2026-06_44fa300c.pdf
2026-06-29 13:06:56,541 | INFO     | Downloading : 409_17-Apr-2026-Net Worth Certificate Circular_March 2026_8804aee3.zip
2026-06-29 13:06:57,339 | INFO     | Downloading : 408_16-Apr-2026-List of additional eligible securities as collateral for Tri-party Repo for April 2026-05_83581685.pdf
2026-06-29 13:06:58,076 | INFO     | Downloading : 407_15-Apr-2026-Half Yearly Internal Audit Report_36c77ca2.zip
2026-06-29 13:06:58,846 | INFO     | Downloading : 405_15-Apr-2026-Settlement Calendar May 2026_0082f69e.pdf
2026-06-29 13:06:59,894 | INFO     | Downloading : 404_13-Apr-2026-Master Circular_174bbcf4.zip
2026-06-29 13:07:01,186 | INFO     | Downloading : 403_09-Apr-2026-List of additional eligible securities as collateral for Tri-party Repo for April 2026-04_7f3e4ffc.pdf
2026-06-29 13:07:02,139 | INFO     | Downloading : 402_08-Apr-2026-List of additional eligible securities as collateral for Tri-party Repo for April 2026-03_283587f4.pdf
2026-06-29 13:07:02,925 | INFO     | Downloading : 401_06-Apr-2026-List of additional eligible securities as collateral for Tri-party Repo for April 2026-02_4220d5e6.pdf
2026-06-29 13:07:03,662 | INFO     | Downloading : 400_02-Apr-2026-List of additional eligible securities as collateral for Tri-party Repo for March 2026-01_d0767adc.pdf
2026-06-29 13:07:04,534 | INFO     | Downloading : 399_01-Apr-2026-Annual Subscription Fees for FY2026-27_e60e24fc.pdf
2026-06-29 13:07:05,485 | INFO     | Downloading : 398_30-Mar-2026-List of eligible securities as collateral for Tri-party Repo for Apr 2026_1d1c96f3.zip
2026-06-29 13:07:06,286 | INFO     | Downloading : 396_27-Mar-2026-SEBI Annual Clearing Membership Fees for 2026-27_1cafdf36.pdf
2026-06-29 13:07:07,120 | INFO     | Downloading : 397_27-Mar-2026-List of additional eligible securities as collateral for Tri-party Repo for March 2026-10_ef08358f.pdf
2026-06-29 13:07:07,883 | INFO     | Downloading : 395_23-Mar-2026-List of additional eligible securities as collateral for Tri-party Repo for March 2026-09_f5f982d7.pdf
2026-06-29 13:07:08,793 | INFO     | Downloading : 394_20-Mar-2026-List of additional eligible securities as collateral for Tri-party Repo for March 2026-08_fba617b8.pdf
2026-06-29 13:07:09,580 | INFO     | Downloading : 393_18-Mar-2026-List of additional eligible securities as collateral for Tri-party Repo for March 2026-07_aade57ba.pdf
2026-06-29 13:07:10,380 | INFO     | Downloading : 392_16-Mar-2026-List of additional eligible securities as collateral for Tri-party Repo for March 2026-06_2ad791b1.pdf
2026-06-29 13:07:11,137 | INFO     | Downloading : 391_13-Mar-2026-List of additional eligible securities as collateral for Tri-party Repo for March 2026-05_eb04eb56.pdf
2026-06-29 13:07:11,888 | INFO     | Downloading : 390_13-Mar-2026-Settlement Calendar April 2026_2913e100.pdf
2026-06-29 13:07:12,643 | INFO     | Downloading : 387_10-Mar-2026-Contribution by Issuers to Core Settlement Guarantee Fund (Core SGF) of AMC Repo Clearing Limited_491f418e.zip
2026-06-29 13:07:13,484 | INFO     | Downloading : 388_10-Mar-2026-List of additional eligible securities as collateral for Tri-party Repo for March 2026-04_fdba81ce.pdf
2026-06-29 13:07:14,290 | INFO     | Downloading : 386_09-Mar-2026-List of additional eligible securities as collateral for Tri-party Repo for March 2026-03_2a11f352.pdf
2026-06-29 13:07:15,082 | INFO     | Downloading : 385_05-Mar-2026-List of additional eligible securities as collateral for Tri-party Repo for March 2026-02_2a1a805c.pdf
2026-06-29 13:07:15,821 | INFO     | Downloading : 389_05-Mar-2026-Trading Session From DR Site_03f13628.zip
2026-06-29 13:07:16,730 | INFO     | Downloading : 384_04-Mar-2026-Ease of Doing Investment (EoDI)_59fc8c63.zip
2026-06-29 13:07:17,512 | INFO     | Downloading : 383_04-Mar-2026-SEBI (Stockbrokers) Regulation, 2026_4f9e82c5.zip
2026-06-29 13:07:18,743 | INFO     | Downloading : 382_02-Mar-2026-List of additional eligible securities as collateral for Tri-party Repo for March 2026-01_67974585.pdf
2026-06-29 13:07:19,502 | INFO     | Downloading : 381_27-Feb-2026-List of eligible securities as collateral for Tri-party Repo for Mar 2026_b28a348c.zip
2026-06-29 13:07:20,304 | INFO     | Downloading : 380_25-Feb-2026-List of additional eligible securities as collateral for Tri-party Repo for Feb 2026-6_99ab6ce4.pdf
2026-06-29 13:07:21,053 | INFO     | Downloading : 379_24-Feb-2026-List of additional eligible securities as collateral for Tri-party Repo for Feb 2026-5_44a176aa.pdf
2026-06-29 13:07:21,781 | INFO     | Downloading : 377_23-Feb-2026-Forms for registration of stockbrokers and CM_0f076ed0.zip
2026-06-29 13:07:22,599 | INFO     | Downloading : 378_23-Feb-2026-Digital submission of Ongoing Membership Compliances_52d29a68.pdf
2026-06-29 13:07:23,394 | INFO     | Downloading : 376_20-Feb-2026-List of additional eligible securities as collateral for Tri-party Repo for Feb 2026-4_6c6a1664.pdf
2026-06-29 13:07:24,143 | INFO     | Downloading : 375_13-Feb-2026-Settlement Calendar Mar 2026_dc82ca2f.pdf
2026-06-29 13:07:25,250 | INFO     | Downloading : 374_12-Feb-2026-List of additional eligible securities as collateral for Tri-party Repo for Feb 2026-3_879d9beb.pdf
2026-06-29 13:07:26,118 | INFO     | Downloading : 373_10-Feb-2026-List of additional eligible securities as collateral for Tri-party Repo for Feb 2026-2_5ac1bfde.pdf
2026-06-29 13:07:27,283 | INFO     | Downloading : 372_02-Feb-2026-List of additional eligible securities as collateral for Tri-party Repo for Feb 2026-1_682ee040.pdf
2026-06-29 13:07:28,110 | INFO     | Downloading : 371_30-Jan-2026-List of eligible securities as collateral for Tri-party Repo for Feb 2026_7d450f7f.zip
2026-06-29 13:07:28,910 | INFO     | Downloading : 370_29-Jan-2026-List of additional eligible securities as collateral for Tri-party Repo for January 2026-07_45c9e3a9.pdf
2026-06-29 13:07:29,684 | INFO     | Downloading : 369_28-Jan-2026-List of additional eligible securities as collateral for Tri-party Repo for January 2026-06_9219e9f7.pdf
2026-06-29 13:07:30,460 | INFO     | Downloading : 368_23-Jan-2026-List of additional eligible securities as collateral for Tri-party Repo for January 2026-05_32e7c4e0.pdf
2026-06-29 13:07:31,260 | INFO     | Downloading : 367_22-Jan-2026-List of additional eligible securities as collateral for Tri-party Repo for January 2026-04_a835d671.pdf
2026-06-29 13:07:32,088 | INFO     | Downloading : 366_21-Jan-2026-List of additional eligible securities as collateral for Tri-party Repo for January 2026-03_d1e20bc4.pdf
2026-06-29 13:07:32,857 | INFO     | Downloading : 365_19-Jan-2026-List of additional eligible securities as collateral for Tri-party Repo for January 2026-02_642b43f4.pdf
2026-06-29 13:07:33,645 | INFO     | Downloading : 364_14-Jan-2026-Settlement Calendar February 2026_bb691227.pdf
2026-06-29 13:07:34,626 | INFO     | Downloading : 363_12-Jan-2026-ARCL - Consultation Paper - Computation of Contributions to Core SGF by Members and Participants_ed6bd453.pdf
2026-06-29 13:07:35,636 | INFO     | Downloading : 362_10-Jan-2026-Revised Settlement Calendar January 2026_2a486d77.pdf
2026-06-29 13:07:36,390 | INFO     | Downloading : 361_09-Jan-2026-List of additional eligible securities as collateral for Tri-party Repo for January 2026-01_8bbfed16.pdf
2026-06-29 13:07:37,173 | INFO     | Downloading : 360_09-Jan-2026-Change in Holiday 2026_04d1ea81.pdf
2026-06-29 13:07:37,953 | INFO     | Downloading : 358_31-Dec-2025-List of eligible securities as collateral for Tri-party Repo for January 2026_ac16b934.zip
2026-06-29 13:07:38,761 | INFO     | Downloading : 357_29-Dec-2025-List of additional eligible securities as collateral for Tri-party Repo for December 2025-08_3b5ebf3b.pdf
2026-06-29 13:07:39,577 | INFO     | Downloading : 356_24-Dec-2025-ARCL - Circular related to ARCL Web Portal_c8cb7233.pdf
2026-06-29 13:07:40,402 | INFO     | Downloading : 355_24-Dec-2025-List of additional eligible securities as collateral for Tri-party Repo for December 2025-07_9fcaac77.pdf
2026-06-29 13:07:41,283 | INFO     | Downloading : 359_22-Dec-2025-Holiday 2026_4ff8e8cd.pdf
2026-06-29 13:07:42,082 | INFO     | Downloading : 354_18-Dec-2025-List of additional eligible securities as collateral for Tri-party Repo for December 2025-06_5e91b9f4.pdf
2026-06-29 13:07:42,888 | INFO     | Downloading : 352_16-Dec-2025-List of additional eligible securities as collateral for Tri-party Repo for December 2025-05_1a24b036.pdf
2026-06-29 13:07:43,966 | INFO     | Downloading : 351_15-Dec-2025-Settlement Calendar Jan 2025_44805cd6.pdf
2026-06-29 13:07:44,727 | INFO     | Downloading : 350_10-Dec-2025-List of additional eligible securities as collateral for Tri-party Repo for December 2025-04_ee355a22.pdf
2026-06-29 13:07:45,479 | INFO     | Downloading : 349_08-Dec-2025-List of additional eligible securities as collateral for Tri-party Repo for December 2025-03_1dd282ab.pdf
2026-06-29 13:07:46,216 | INFO     | Downloading : 348_04-Dec-2025-List of additional eligible securities as collateral for Tri-party Repo for December 2025-02_392f26e6.pdf
2026-06-29 13:07:46,972 | INFO     | Downloading : 347_02-Dec-2025-List of additional eligible securities as collateral for Tri-party Repo for December 2025-01_eade819b.pdf
2026-06-29 13:07:47,758 | INFO     | Downloading : 346_28-Nov-2025-List of eligible securities as collateral for Tri-party Repo for December 2025_b558ea51.zip
2026-06-29 13:07:48,524 | INFO     | Downloading : 345_26-Nov-2025-List of additional eligible securities as collateral for Tri-party Repo for November 2025-08_d82e0732.pdf
2026-06-29 13:07:49,381 | INFO     | Downloading : 344_24-Nov-2025-List of additional eligible securities as collateral for Tri-party Repo for November 2025-07_0481ab24.pdf
2026-06-29 13:07:50,190 | INFO     | Downloading : 342_21-Nov-2025-Reminder -Internal Audit Report_3da07bc4.pdf
2026-06-29 13:07:51,030 | INFO     | Downloading : 341_19-Nov-2025-List of additional eligible securities as collateral for Tri-party Repo for November 2025-06_fc3dbf08.pdf
2026-06-29 13:07:51,804 | INFO     | Downloading : 340_19-Nov-2025-List of additional eligible securities as collateral for Tri-party Repo for November 2025-05_9a8a7910.pdf
2026-06-29 13:07:52,582 | INFO     | Downloading : 339_19-Nov-2025-Reminder for Submission of HY NW_September 2025_44163d1c.pdf
2026-06-29 13:07:53,435 | INFO     | Downloading : 338_17-Nov-2025-List of additional eligible securities as collateral for Tri-party Repo for November 2025-04_51cf2ab5.pdf
2026-06-29 13:07:54,233 | INFO     | Downloading : 337_14-Nov-2025-Settlement Calendar Dec 2025_c580a1b7.pdf
2026-06-29 13:07:55,075 | INFO     | Downloading : 336_13-Nov-2025-List of additional eligible securities as collateral for Tri-party Repo for November 2025-03_ed992cfe.pdf
2026-06-29 13:07:55,919 | INFO     | Downloading : 335_07-Nov-2025-List of additional eligible securities as collateral for Tri-party Repo for November 2025-02_cec77f92.pdf
2026-06-29 13:07:56,835 | INFO     | Downloading : 334_03-Nov-2025-List of additional eligible securities as collateral for Tri-party Repo for November 2025-01_9281cbdd.pdf
2026-06-29 13:07:57,666 | INFO     | Downloading : 332_31-Oct-2025-List of eligible securities as collateral for Tri-party Repo for November 2025_a454dacb.zip
2026-06-29 13:07:58,398 | INFO     | Downloading : 331_31-Oct-2025-List of additional eligible securities as collateral for Tri-party Repo for October 2025-10_95d05e99.pdf
2026-06-29 13:07:59,177 | INFO     | Downloading : 333_31-Oct-2025-ARCL TRAI_d9e848a5.pdf
2026-06-29 13:08:00,001 | INFO     | Downloading : 330_29-Oct-2025-List of additional eligible securities as collateral for Tri-party Repo for October 2025-09_63a05195.pdf
2026-06-29 13:08:00,828 | INFO     | Downloading : 329_24-Oct-2025-List of additional eligible securities as collateral for Tri-party Repo for October 2025-08_c3d4fba5.pdf
2026-06-29 13:08:01,668 | INFO     | Downloading : 328_15-Oct-2025-Settlement Calendar Nov 2025_4edd2a32.pdf
2026-06-29 13:08:02,421 | INFO     | Downloading : 327_14-Oct-2025-List of additional eligible securities as collateral for Tri-party Repo for October 2025-07_0866e84c.pdf
2026-06-29 13:08:03,163 | INFO     | Downloading : 326_14-Oct-2025-Circular_Corporate Action Handling_dfb4d494.pdf
2026-06-29 13:08:03,951 | INFO     | Downloading : 325_13-Oct-2025-List of additional eligible securities as collateral for Tri-party Repo for October 2025-06_b98747b1.pdf
2026-06-29 13:08:04,773 | INFO     | Downloading : 324_10-Oct-2025-List of additional eligible securities as collateral for Tri-party Repo for October 2025-05_6a27fd9a.pdf
2026-06-29 13:08:05,501 | INFO     | Downloading : 323_08-Oct-2025-List of additional eligible securities as collateral for Tri-party Repo for October 2025-04_be9646bc.pdf
2026-06-29 13:08:06,324 | INFO     | Downloading : 322_07-Oct-2025-List of additional eligible securities as collateral for Tri-party Repo for October 2025-03_4b101bc5.pdf
2026-06-29 13:08:07,178 | INFO     | Downloading : 321_06-Oct-2025-List of additional eligible securities as collateral for Tri-party Repo for October 2025-02_23065db5.pdf
2026-06-29 13:08:08,041 | INFO     | Downloading : 318_01-Oct-2025-Internal Audit_d32622a7.zip
2026-06-29 13:08:09,071 | INFO     | Downloading : 320_01-Oct-2025-List of additional eligible securities as collateral for Tri-party Repo for October 2025-01_47e1ea7b.pdf
2026-06-29 13:08:09,854 | INFO     | Downloading : 319_01-Oct-2025-ARCL - Annual Return 2025_dec552bb.pdf
2026-06-29 13:08:10,658 | INFO     | Downloading : 317_01-Oct-2025-Submission of Half Yearly Networth_September 2025_f31b8e52.pdf
2026-06-29 13:08:11,558 | INFO     | Downloading : 314_30-Sep-2025-Revised Contribution by Issuers to Core Settlement Guarantee Fund (Core SGF) of AMC Repo Clearing Limited_e34dc3ac.zip
2026-06-29 13:08:12,334 | INFO     | Downloading : 316_30-Sep-2025-List of eligible securities as collateral for Tri-party Repo for Oct 2025_aaa33b58.zip
2026-06-29 13:08:13,195 | INFO     | Downloading : 315_30-Sep-2025-List of additional eligible securities as collateral for Tri-party Repo for September 2025-05_a09182ed.pdf
2026-06-29 13:08:13,987 | INFO     | Downloading : 313_26-Sep-2025-List of additional eligible securities as collateral for Tri-party Repo for September 2025-04_864afb1a.pdf
2026-06-29 13:08:14,962 | INFO     | Downloading : 312_22-Sep-2025-List of additional eligible securities as collateral for Tri-party Repo for September 2025-03_2e26f53f.pdf
2026-06-29 13:08:15,690 | INFO     | Downloading : 311_22-Sep-2025-Contribution by Issuers to Core Settlement Guarantee Fund (Core SGF) of AMC Repo Clearing Limited_baeb348d.zip
2026-06-29 13:08:16,624 | INFO     | Downloading : 310_18-Sep-2025-List of additional eligible securities as collateral for Tri-party Repo for September 2025-02_bf9986ce.pdf
2026-06-29 13:08:17,425 | INFO     | Downloading : 309_18-Sep-2025-Live Trading session from DR_84ea543c.zip
2026-06-29 13:08:18,385 | INFO     | Downloading : 308_17-Sep-2025-List of additional eligible securities as collateral for Tri-party Repo for September 2025-01_708f3cdb.pdf
2026-06-29 13:08:19,180 | INFO     | Downloading : 307_15-Sep-2025-Settlement Calendar Oct 2025_7d45d47c.pdf
2026-06-29 13:08:19,988 | INFO     | Downloading : 306_05-Sep-2025-Change in Settlement holiday and Revision in forward leg Settlement _c4ea9117.pdf
2026-06-29 13:08:20,793 | INFO     | Downloading : 305_04-Sep-2025-Revised Settlement Calendar-Sept 2025_f31829ea.zip
2026-06-29 13:08:21,678 | INFO     | Downloading : 304_04-Sep-2025-Change in Holiday _e21f2f09.zip
2026-06-29 13:08:22,652 | INFO     | Downloading : 303_29-Aug-2025-List of eligible securities as collateral for Tri-party Repo for Sept 2025_d65b685b.zip
2026-06-29 13:08:23,429 | INFO     | Downloading : 302_28-Aug-2025-List of additional eligible securities as collateral for Tri-party Repo for August 2025-05_978a74ea.pdf
2026-06-29 13:08:24,251 | INFO     | Downloading : 301_25-Aug-2025-Revision in Risk Management Framework_8fdf81e3.pdf
2026-06-29 13:08:25,105 | INFO     | Downloading : 300_21-Aug-2025-List of additional eligible securities as collateral for Tri-party Repo for August 2025-04_e57d5805.pdf
2026-06-29 13:08:25,885 | INFO     | Downloading : 299_18-Aug-2025-List of additional eligible securities as collateral for Tri-party Repo for August 2025-03_98dc8bee.pdf
2026-06-29 13:08:26,678 | INFO     | Downloading : 298_14-Aug-2025-Settlement Calendar Sept 2025_0e998ee5.pdf
2026-06-29 13:08:27,517 | INFO     | Downloading : 297_08-Aug-2025-List of additional eligible securities as collateral for Tri-party Repo for August 2025-02_0bd19e26.pdf
2026-06-29 13:08:28,303 | INFO     | Downloading : 296_08-Aug-2025-ARCL - Review, Appeal or Waiver of penalty_08bc82d9.zip
2026-06-29 13:08:29,103 | INFO     | Downloading : 295_05-Aug-2025-List of additional eligible securities as collateral for Tri-party Repo for August 2025-01_19aa544a.pdf
2026-06-29 13:08:29,856 | INFO     | Downloading : 294_31-Jul-2025-Revised List of eligible securities as collateral for Tri-party Repo for Aug 2025_080d1d75.zip
2026-06-29 13:08:30,609 | INFO     | Downloading : 293_31-Jul-2025-List of Additional eligible securities for July 2025-06_9252a3e3.pdf
2026-06-29 13:08:31,471 | INFO     | Downloading : 292_30-Jul-2025-List of eligible securities as collateral for Tri-party Repo for Aug 2025_4f6326b4.zip
2026-06-29 13:08:32,283 | INFO     | Downloading : 291_29-Jul-2025-List of Additional eligible securities for July 2025-05_91773d5b.pdf
2026-06-29 13:08:33,054 | INFO     | Downloading : 290_15-Jul-2025-Settlement Calendar Aug 2025_5c925426.pdf
2026-06-29 13:08:33,863 | INFO     | Downloading : 289_09-Jul-2025-List of Additional eligible securities for July 2025-04_85eb8baa.pdf
2026-06-29 13:08:34,614 | INFO     | Downloading : 288_07-Jul-2025-List of Additional eligible securities for July 2025-03_8dc98e4d.pdf
2026-06-29 13:08:36,383 | INFO     | Downloading : 286_03-Jul-2025-List of Additional eligible securities for July 2025-02_30fbbec1.pdf
2026-06-29 13:08:37,815 | INFO     | Downloading : 287_03-Jul-2025-Tri Party Repo in Corporate Debt Securities Reports_a7819e0f.pdf
2026-06-29 13:08:39,577 | INFO     | Downloading : 285_01-Jul-2025-List of Additional eligible securities for July 2025-01_bfd565fa.pdf
2026-06-29 13:08:40,390 | INFO     | Downloading : 284_27-Jun-2025-List of eligible securities as collateral for Tri-party Repo for July 2025_73fde1e9.zip
2026-06-29 13:08:41,213 | INFO     | Downloading : 283_26-Jun-2025-ARCL - Updation of GSTIN with respect to ISD Provision_201dbb0b.pdf
2026-06-29 13:08:42,007 | INFO     | Downloading : 282_24-Jun-2025-ARCL - SEBI UPI Payment_8a99609e.pdf
2026-06-29 13:08:42,848 | INFO     | Downloading : 281_24-Jun-2025-List of Additional eligible securities for June 2025-08_c0fe2081.pdf
2026-06-29 13:08:43,629 | INFO     | Downloading : 280_18-Jun-2025-List of Additional eligible securities for June 2025-07_31e452f4.pdf
2026-06-29 13:08:44,409 | INFO     | Downloading : 279_17-Jun-2025-List of Additional eligible securities for June 2025-06_45ef0545.pdf
2026-06-29 13:08:45,165 | INFO     | Downloading : 278_16-Jun-2025-List of Additional eligible securities for June 2025-05_0a4e8b4c.pdf
2026-06-29 13:08:45,966 | INFO     | Downloading : 277_13-Jun-2025-Settlement Calendar July 2025_dcae4510.pdf
2026-06-29 13:08:46,716 | INFO     | Downloading : 276_11-Jun-2025-List of Additional eligible securities for June 2025-04_7916b546.pdf
2026-06-29 13:08:47,467 | INFO     | Downloading : 275_11-Jun-2025-Gazette Notification_46e67ce6.pdf
2026-06-29 13:08:48,237 | INFO     | Downloading : 274_10-Jun-2025-List of Additional eligible securities for June 2025-03_e2f8185c.pdf
2026-06-29 13:08:48,990 | INFO     | Downloading : 273_03-Jun-2025-List of Additional eligible securities for June 2025-02_e136158c.pdf
2026-06-29 13:08:49,815 | INFO     | Downloading : 272_03-Jun-2025-List of Additional eligible securities for June 2025-01_14c37b83.pdf
2026-06-29 13:08:50,659 | INFO     | Downloading : 271_02-Jun-2025-Circular - Surrender - IDFC First Bank 02JUN2025_e57b7e33.pdf
2026-06-29 13:08:51,565 | INFO     | Downloading : 270_29-May-2025-List of Additional eligible securities for May 2025-12_ea6bd886.pdf
2026-06-29 13:08:52,348 | INFO     | Downloading : 269_29-May-2025-List of eligible securities as collateral for Tri-party Repo for Jun 2025_a75c46d6.zip
2026-06-29 13:08:53,151 | INFO     | Downloading : 268_28-May-2025-Circular- MemberComplianceCalendar_7aeb07c9.pdf
2026-06-29 13:08:53,947 | INFO     | Downloading : 265_27-May-2025-Norms for Internal Audit & Audit Committee of MIIs_cb1459cd.pdf
2026-06-29 13:08:54,712 | INFO     | Downloading : 266_27-May-2025-Cooling off period for KMPs and PID_46ca4f42.pdf
2026-06-29 13:08:55,517 | INFO     | Downloading : 267_27-May-2025-List of Additional eligible securities for May 2025-11_051cb793.pdf
2026-06-29 13:08:56,227 | INFO     | Downloading : 264_22-May-2025-List of Additional eligible securities for May 2025-10_6875fa9d.pdf
2026-06-29 13:08:57,874 | INFO     | Downloading : 263_21-May-2025-List of Additional eligible securities for May 2025-09_09f3ed0b.pdf
2026-06-29 13:08:58,658 | INFO     | Downloading : 261_19-May-2025-Revised Procedure for Issuers Contribution to Core Settlement Guarantee Fund_965ac013.zip
2026-06-29 13:08:59,767 | INFO     | Downloading : 262_19-May-2025-List of Additional eligible securities for May 2025-08_a9c7f2b4.pdf
2026-06-29 13:09:00,591 | INFO     | Downloading : 258_15-May-2025-List of Additional eligible securities for May 2025-06_59abd54b.pdf
2026-06-29 13:09:01,367 | INFO     | Downloading : 257_15-May-2025-Settlement Calendar June 2025_d6e7be7b.pdf
2026-06-29 13:09:02,243 | INFO     | Downloading : 256_14-May-2025-List of Additional eligible securities for May 2025-05_30af77cd.pdf
2026-06-29 13:09:03,084 | INFO     | Downloading : 255_13-May-2025-List of Additional eligible securities for May 2025-04_0ba6b77d.pdf
2026-06-29 13:09:03,839 | INFO     | Downloading : 254_09-May-2025-List of Additional eligible securities for May 2025-03_c84b9277.pdf
2026-06-29 13:09:04,643 | INFO     | Downloading : 253_09-May-2025-Master Circular_3ceb31c3.zip
2026-06-29 13:09:05,692 | INFO     | Downloading : 252_09-May-2025-Revision in Timeline for Payment of Transaction Charges _78cdc223.pdf
2026-06-29 13:09:06,482 | INFO     | Downloading : 251_08-May-2025-Internal Audit Report Reminder_a4332508.pdf
2026-06-29 13:09:08,436 | INFO     | Downloading : 250_08-May-2025-Reminder for Submission of HY NW_March 2025_0129563a.pdf
2026-06-29 13:09:09,300 | INFO     | Downloading : 249_07-May-2025-List of Additional eligible securities for May 2025-02_2812d590.pdf
2026-06-29 13:09:10,059 | INFO     | Downloading : 248_05-May-2025-Modification of Issuers contribution towards Core Settlement Guarantee Fund_d9875d47.pdf
2026-06-29 13:09:10,866 | INFO     | Downloading : 247_02-May-2025-List of Additional eligible securities for May 2025-01_9d17cb96.pdf
2026-06-29 13:09:11,707 | INFO     | Downloading : 245_29-Apr-2025-List of eligible securities as collateral for Tri-party Repo for May 2025_2574ffff.zip
2026-06-29 13:09:12,606 | INFO     | Downloading : 246_29-Apr-2025-List of additional eligible securities as collateral for Tri-party Repo for April 2025-6_c377bfca.pdf
2026-06-29 13:09:13,364 | INFO     | Downloading : 244_23-Apr-2025-List of Additional eligible securities for April 2025-05_ecab60d1.pdf
2026-06-29 13:09:14,152 | INFO     | Downloading : 243_21-Apr-2025-List of Additional eligible securities for April 2025-04_16c9daf6.pdf
2026-06-29 13:09:14,928 | INFO     | Downloading : 242_17-Apr-2025-List of Additional eligible securities for April 2025-03_04c2d57f.pdf
2026-06-29 13:09:15,762 | INFO     | Downloading : 241_15-Apr-2025-Settlement Calendar May 2025_c71a247b.pdf
2026-06-29 13:09:16,504 | INFO     | Downloading : 240_11-Apr-2025-List of Additional eligible securities for April 2025-02_34f4dcc2.pdf
2026-06-29 13:09:17,299 | INFO     | Downloading : 239_08-Apr-2025-Internal Audit Report_29121dad.zip
2026-06-29 13:09:18,174 | INFO     | Downloading : 238_04-Apr-2025-List of Additional eligible securities for April 2025_56018f6b.pdf
2026-06-29 13:09:18,912 | INFO     | Downloading : 237_04-Apr-2025-Submission of HY NW_March 2025_website_cdd4f0dc.pdf
2026-06-29 13:09:19,767 | INFO     | Downloading : 236_02-Apr-2025-Annual Subscription Fees for 2025-26_122439cf.pdf
2026-06-29 13:09:20,576 | INFO     | Downloading : 235_28-Mar-2025-List of eligible securities for April 2025_fe0fefd5.zip
2026-06-29 13:09:21,352 | INFO     | Downloading : 234_28-Mar-2025-SEBI Annual Clearing Membership Fees for 2025-26_ada735bb.pdf
2026-06-29 13:09:22,152 | INFO     | Downloading : 233_27-Mar-2025-Circular-Issuer Contribution Toward Core SGF_8fc2f1b2.zip
2026-06-29 13:09:23,013 | INFO     | Downloading : 232_26-Mar-2025-List of Additional eligible securities for March 2025-03_40f148c8.pdf
2026-06-29 13:09:23,823 | INFO     | Downloading : 231_26-Mar-2025-List of Additional eligible securities for March 2025_a5d51dbc.pdf
2026-06-29 13:09:24,599 | INFO     | Downloading : 230_20-Mar-2025-Derivium Tradition Securities Private Limited_cir_8199c94c.pdf
2026-06-29 13:09:25,381 | INFO     | Downloading : 229_20-Mar-2025-East India Securities Ltd_cir_a0569d94.pdf
2026-06-29 13:09:26,183 | INFO     | Downloading : 228_17-Mar-2025-Settlement Calendar April 2025_ee9da592.pdf
2026-06-29 13:09:26,940 | INFO     | Downloading : 227_08-Mar-2025-Trading Session from Disaster recovery Site_c331a953.zip
2026-06-29 13:09:27,698 | INFO     | Downloading : 226_07-Mar-2025-List of Additional eligible securities for March 2025_770a009d.pdf
2026-06-29 13:09:28,458 | INFO     | Downloading : 225_05-Mar-2025-ARCL - Penalty circular Final for website_4a6a40e8.pdf
2026-06-29 13:09:29,344 | INFO     | Downloading : 223_04-Mar-2025-Circular - Member Participant Contribution Toward Core SGF_bc68bb1f.pdf
2026-06-29 13:09:30,128 | INFO     | Downloading : 222_28-Feb-2025-Circular - Risk Management Framework Amendments_d6d9e8cd.pdf
2026-06-29 13:09:30,895 | INFO     | Downloading : 221_27-Feb-2025-List of eligible securities for March 2025_8b5a69b8.zip
2026-06-29 13:09:31,602 | ERROR    | Failed : 221_27-Feb-2025-List of eligible securities for March 2025_8b5a69b8.zip
Traceback (most recent call last):
  File "C:\ISEC\PDF_Downloader_Automation\extractors\arcl.py", line 77, in download_documents
    response.raise_for_status()
    ~~~~~~~~~~~~~~~~~~~~~~~~~^^
  File "C:\Users\admin\AppData\Local\Programs\Python\Python314\Lib\site-packages\requests\models.py", line 1026, in raise_for_status
    raise HTTPError(http_error_msg, response=self)
requests.exceptions.HTTPError: 404 Client Error: Not Found for url: https://www.arclindia.com/spages/Circulars/221_27-Feb-2025-List%20of%20eligible%20securities%20for%20March%202025.zip
2026-06-29 13:09:31,604 | INFO     | Downloading : 220_27-Feb-2025-List of Additional eligible securities for Feb 2025-05_1c0b97d6.pdf
2026-06-29 13:09:32,377 | ERROR    | Failed : 220_27-Feb-2025-List of Additional eligible securities for Feb 2025-05_1c0b97d6.pdf
Traceback (most recent call last):
  File "C:\ISEC\PDF_Downloader_Automation\extractors\arcl.py", line 77, in download_documents
    response.raise_for_status()
    ~~~~~~~~~~~~~~~~~~~~~~~~~^^
  File "C:\Users\admin\AppData\Local\Programs\Python\Python314\Lib\site-packages\requests\models.py", line 1026, in raise_for_status
    raise HTTPError(http_error_msg, response=self)
requests.exceptions.HTTPError: 404 Client Error: Not Found for url: https://www.arclindia.com/spages/Circulars/220_27-Feb-2025-List%20of%20Additional%20eligible%20securities%20for%20Feb%202025-05.pdf
2026-06-29 13:09:32,378 | INFO     | Downloading : 219_24-Feb-2025-ARCL - Member Compliance Calendar Circular_692eb735.pdf
2026-06-29 13:09:33,241 | INFO     | Downloading : 218_24-Feb-2025-List of Additional eligible securities for Feb 2025-04_caf7d1ac.pdf
2026-06-29 13:09:34,050 | INFO     | Downloading : 216_14-Feb-2025-Settlement Calendar March 2025_b50f882c.pdf
2026-06-29 13:09:34,786 | INFO     | Downloading : 217_14-Feb-2025-List of Additional eligible securities for Feb 2025-03_3fc34cfe.pdf
2026-06-29 13:09:35,511 | INFO     | Downloading : 215_13-Feb-2025-List of Additional eligible securities for Feb 2025-02_aeb5339f.pdf
2026-06-29 13:09:36,255 | INFO     | Downloading : 214_05-Feb-2025-List of Additional eligible securities for Feb 2025_844f1415.pdf
2026-06-29 13:09:37,023 | INFO     | Downloading : 213_03-Feb-2025-Parameters for external evaluation of Performance of Statutory Committees of MII_Feb 3 2025_final_c426076c.pdf
2026-06-29 13:09:37,847 | INFO     | Downloading : 212_30-Jan-2025-List of eligible securities for February 2025_0b7adbf1.zip
2026-06-29 13:09:38,574 | INFO     | Downloading : 211_24-Jan-2025-ARCL - Circular - Freezing of ISIN of ARCL_276fa375.pdf
2026-06-29 13:09:39,376 | INFO     | Downloading : 210_23-Jan-2025-List of Additional eligible securities for Jan 2025-3_da64994d.pdf
2026-06-29 13:09:40,214 | INFO     | Downloading : 209_15-Jan-2025-Settlement Calendar Feb 2025_2fee47ce.pdf
2026-06-29 13:09:40,983 | INFO     | Downloading : 208_09-Jan-2025-List of Additional eligible securities for Jan 2025-2_281ad760.pdf
2026-06-29 13:09:41,781 | INFO     | Downloading : 207_03-Jan-2025-List of Additional eligible securities for Jan 2025-1_25fd918d.pdf
2026-06-29 13:09:42,517 | INFO     | Downloading : 206_27-Dec-2024-List of eligible securities for January 2025_05bf7950.zip
2026-06-29 13:09:43,260 | INFO     | Downloading : 205_27-Dec-2024-List of Additional eligible securities for Dec 2024-4_0db7bd1b.pdf
2026-06-29 13:09:44,011 | INFO     | Downloading : 204_19-Dec-2024-List of Additional eligible securities for Dec 2024-3_be86910a.pdf
2026-06-29 13:09:44,855 | INFO     | Downloading : 203_19-Dec-2024-List of Additional eligible securities for Dec 2024-2_a38929e4.pdf
2026-06-29 13:09:45,627 | INFO     | Downloading : 201_16-Dec-2024-Settlement Calendar Jan 2025_46cb5c67.pdf
2026-06-29 13:09:46,389 | INFO     | Downloading : 202_13-Dec-2024-Holiday 2025_719f93fc.pdf
2026-06-29 13:09:47,152 | INFO     | Downloading : 200_10-Dec-2024-List of Additional eligible securities for Dec 2024-1_c83c4055.pdf
2026-06-29 13:09:47,914 | INFO     | Downloading : 199_04-Dec-2024-Fit and Proper Declaration from Shareholders_a8f7d0f7.zip
2026-06-29 13:09:48,694 | INFO     | Downloading : 198_29-Nov-2024-List of eligible securities for December 2024_6901db48.zip
2026-06-29 13:09:49,422 | INFO     | Downloading : 197_26-Nov-2024-Handling of Unscheduled Holiday_8e65a0e0.pdf
2026-06-29 13:09:50,206 | INFO     | Downloading : 196_25-Nov-2024-ARCL Circular_Guidelines to SE, CC and DP_a6b3c260.zip
2026-06-29 13:09:51,135 | INFO     | Downloading : 195_22-Nov-2024-Prior approval for transfer of Shares_705cad40.zip
2026-06-29 13:09:52,062 | INFO     | Downloading : 193_21-Nov-2024-Reminder_Half Yearly Internal Audit Report_Sep 24_f7546243.pdf
2026-06-29 13:09:52,951 | INFO     | Downloading : 192_21-Nov-2024-Reminder_Submission of HYNW_Sep 24_c1b35fb0.pdf
2026-06-29 13:09:53,882 | INFO     | Downloading : 194_21-Nov-2024-Amendment to Byelaws_191124_Final_a61d52ff.pdf
2026-06-29 13:09:54,698 | INFO     | Downloading : 190_14-Nov-2024-Revised Settlement Calendar November 2024_693fc3fa.pdf
2026-06-29 13:09:55,489 | INFO     | Downloading : 191_14-Nov-2024-Settlement Calendar Dec 2024_e05cf238.pdf
2026-06-29 13:09:56,262 | INFO     | Downloading : 189_14-Nov-2024-Change in Holiday 2024_a28bf164.pdf
2026-06-29 13:09:57,153 | INFO     | Downloading : 188_12-Nov-2024-List of Additional eligible securities for Nov 2024-2_930594c7.pdf
2026-06-29 13:09:57,946 | INFO     | Downloading : 187_08-Nov-2024-List of Additional eligible securities for Nov 2024-1_aae58191.pdf
2026-06-29 13:09:58,899 | INFO     | Downloading : 186_06-Nov-2024-Amendment to Regulation_20240827_Final_727aa6ed.pdf
2026-06-29 13:09:59,720 | INFO     | Downloading : 185_29-Oct-2024-List of eligible securities for November 2024_1f9de81d.zip
2026-06-29 13:10:00,607 | INFO     | Downloading : 184_28-Oct-2024-Circular - Modification in eligible issuer_10a4f0bb.pdf
2026-06-29 13:10:01,400 | INFO     | Downloading : 182_24-Oct-2024-Extend of Market time for trade date October 24 2024_157d95c4.pdf
2026-06-29 13:10:02,174 | INFO     | Downloading : 183_23-Oct-2024-List of Additional eligible securities for Oct 2024-3_01f7590b.pdf
2026-06-29 13:10:02,973 | INFO     | Downloading : 180_16-Oct-2024-ARCL Circular Monitoring Shareholding of MII for website_31450baa.pdf
2026-06-29 13:10:03,816 | INFO     | Downloading : 179_16-Oct-2024-List of Additional eligible securities for Oct 2024-2_7c6af4b0.pdf
2026-06-29 13:10:04,602 | INFO     | Downloading : 178_15-Oct-2024-Settlement Calendar Nov 2024_4f42e44e.pdf
2026-06-29 13:10:05,370 | INFO     | Downloading : 177_11-Oct-2024-Circular - Modification in eligible issuer_4ca54417.pdf
2026-06-29 13:10:06,175 | INFO     | Downloading : 176_10-Oct-2024-ARCL Half Yearly Internal Audit Report -September 2024_d3af4212.zip
2026-06-29 13:10:07,228 | INFO     | Downloading : 175_08-Oct-2024-List of Additional eligible securities for Oct 2024-1_d1ec4359.pdf
2026-06-29 13:10:08,096 | INFO     | Downloading : 174_04-Oct-2024-Submission of HY NW_Sep 2024_b2ba9667.pdf
2026-06-29 13:10:09,154 | INFO     | Downloading : 173_30-Sep-2024-Trading Session from DR_60f6de0d.zip
2026-06-29 13:10:09,981 | INFO     | Downloading : 172_27-Sep-2024-List of eligible securities for October 2024_a868d598.zip
2026-06-29 13:10:10,712 | INFO     | Downloading : 171_27-Sep-2024-Parameters for Performance Evaluation of Market Infrastructur_c2f67894.pdf
2026-06-29 13:10:11,545 | INFO     | Downloading : 170_26-Sep-2024-Circular-Issuer Contribution Toward Core SGF_412977fe.pdf
2026-06-29 13:10:12,363 | INFO     | Downloading : 169_25-Sep-2024-List of Additional eligible securities for Sept 2024-5_a015c266.pdf
2026-06-29 13:10:13,112 | INFO     | Downloading : 167_20-Sep-2024-List of Additional eligible securities for Sept 2024-4_575f73bf.pdf
2026-06-29 13:10:13,865 | INFO     | Downloading : 166_20-Sep-2024-Circular-Risk Management Framework Amendments_5f081827.pdf
2026-06-29 13:10:14,686 | INFO     | Downloading : 165_19-Sep-2024-Circular-Issuer Contribution Toward Core SGF_1f741252.zip
2026-06-29 13:10:15,522 | INFO     | Downloading : 164_17-Sep-2024-List of Additional eligible securities for Sept 2024-3_cd96e156.pdf
2026-06-29 13:10:16,413 | INFO     | Downloading : 163_16-Sep-2024-Settlement Calendar Oct 2024_f46d37f2.pdf
2026-06-29 13:10:17,313 | INFO     | Downloading : 161_14-Sep-2024-Change in Settlement Calendar September 2024_09c056e1.pdf
2026-06-29 13:10:18,260 | INFO     | Downloading : 159_13-Sep-2024-List of Additional eligible securities for Sept 2024-2_70618a09.pdf
2026-06-29 13:10:19,029 | INFO     | Downloading : 158_09-Sep-2024-List of Additional eligible securities for Sept 2024-1_9514e827.pdf
2026-06-29 13:10:19,771 | INFO     | Downloading : 157_04-Sep-2024-Introduction of Commercial Paper (CP) and Certificate of Deposit (CDs)_72303907.pdf
2026-06-29 13:10:20,706 | INFO     | Downloading : 156_03-Sep-2024-Change in haircuts for eligible collateral_a837696c.pdf
2026-06-29 13:10:21,487 | INFO     | Downloading : 155_02-Sep-2024-Membership Eligibility criteria_3da46439.pdf
2026-06-29 13:10:22,485 | INFO     | Downloading : 153_29-Aug-2024-List of Eligible Securities for September 2024_88c0b1e2.zip
2026-06-29 13:10:23,317 | INFO     | Downloading : 152_28-Aug-2024-List of Additional eligible securities for Aug 2024-4_b23f369b.pdf
2026-06-29 13:10:24,117 | INFO     | Downloading : 151_27-Aug-2024-Consolidation of Baskets 3_5ea6a650.pdf
2026-06-29 13:10:24,899 | INFO     | Downloading : 150_27-Aug-2024-Amendment to Regulation_20240827_d7edbe54.pdf
2026-06-29 13:10:26,694 | INFO     | Downloading : 149_16-Aug-2024-List of Additional eligible securities for Aug 2024-3_8c3bb333.pdf
2026-06-29 13:10:27,463 | INFO     | Downloading : 148_14-Aug-2024-Settlement Calendar Sep 2024_58384e68.pdf
2026-06-29 13:10:28,281 | INFO     | Downloading : 147_12-Aug-2024-List of Additional eligible securities for Aug 2024-2_1cbcf48f.pdf
2026-06-29 13:10:29,109 | INFO     | Downloading : 146_07-Aug-2024-List of Additional eligible securities for Aug 2024-1_9465c801.pdf
2026-06-29 13:10:29,965 | INFO     | Downloading : 145_31-Jul-2024-List of Eligible Securities for August 2024_a6029b0a.zip
2026-06-29 13:10:30,818 | INFO     | Downloading : 144_24-Jul-2024-List of Additional eligible securities for July 2024-4_3a9687b0.pdf
2026-06-29 13:10:31,667 | INFO     | Downloading : 143_16-Jul-2024-List of Additional eligible securities for July 2024-3_fcd29167.pdf
2026-06-29 13:10:32,462 | INFO     | Downloading : 141_15-Jul-2024-Settlement Calendar August 2024_824b28c1.pdf
2026-06-29 13:10:33,256 | INFO     | Downloading : 140_09-Jul-2024-List of Additional eligible securities for July 2024-2_f471b587.pdf
2026-06-29 13:10:34,184 | INFO     | Downloading : 136_02-Jul-2024-List of Additional eligible securities for July 2024-1_3aaab842.pdf
2026-06-29 13:10:34,965 | INFO     | Downloading : 135_28-Jun-2024-List of Eligible Securities for July 2024_46851c1e.zip
2026-06-29 13:10:35,748 | INFO     | Downloading : 134_28-Jun-2024-Circular_ ARCL Beta Version-1_4f683b84.pdf
2026-06-29 13:10:36,658 | INFO     | Downloading : 131_21-Jun-2024-List of Additional eligible securities for June 2024-4_dc003bbf.pdf
2026-06-29 13:10:37,448 | INFO     | Downloading : 130_21-Jun-2024-Contribution to Core Settlement Guarantee Fund and Default Waterfall for Limited Purpose Clearing Corporation_70ac4a66.pdf
2026-06-29 13:10:38,304 | INFO     | Downloading : 129_20-Jun-2024-Introduction of CPs and CDs as eligible collateral for Tri Party Repo_521fc7b7.pdf
2026-06-29 13:10:39,112 | INFO     | Downloading : 125_14-Jun-2024-Settlement Calendar July 2024_9b80d74b.pdf
2026-06-29 13:10:39,941 | INFO     | Downloading : 126_14-Jun-2024-List of Additional eligible securities for June 2024-3_d7ece6f5.pdf
2026-06-29 13:10:40,873 | INFO     | Downloading : 124_10-Jun-2024-Collateral & Margin request through ARCL Connect_fbeace8c.pdf
2026-06-29 13:10:41,743 | INFO     | Downloading : 123_07-Jun-2024-Transaction Charges for Tri Party Repo_d6b439cf.pdf
2026-06-29 13:10:42,562 | INFO     | Downloading : 122_06-Jun-2024-List of Additional eligible securities for June 2024-2_dbda37a8.pdf
2026-06-29 13:10:43,342 | INFO     | Downloading : 120_03-Jun-2024-List of Additional eligible securities for June 2024-1_0e50b8a3.pdf
2026-06-29 13:10:44,244 | INFO     | Downloading : 118_31-May-2024-Submission of Half Yearly Net Worth Certific_e8cf7d33.pdf
2026-06-29 13:10:45,178 | INFO     | Downloading : 119_30-May-2024-Submission of Half Yearly Internal Audit Report -Extension of timeline for submission_32378194.pdf
2026-06-29 13:10:46,159 | INFO     | Downloading : 121_29-May-2024-Norms for acceptable collaterals and exposure of Clearing Corporation_1cdb9cc9.zip
2026-06-29 13:10:47,284 | INFO     | Downloading : 117_29-May-2024-List of Eligible Securities for June 2024_1b96197a.zip
2026-06-29 13:10:48,142 | INFO     | Downloading : 113_28-May-2024-Norms for sharing of real time price data to third parties_2d5d9740.zip
2026-06-29 13:10:48,967 | INFO     | Downloading : 112_27-May-2024-List of Additional eligible securities for May 2024-8_c0d4290b.pdf
2026-06-29 13:10:49,777 | INFO     | Downloading : 111_17-May-2024-List of Additional eligible securities for May 2024-7_0bc6e29e.pdf
2026-06-29 13:10:50,784 | INFO     | Downloading : 110_16-May-2024-List of Additional eligible securities for May 2024-6_2f07f705.pdf
2026-06-29 13:10:51,685 | INFO     | Downloading : 109_15-May-2024-Settlement Calendar June 2024_b401091f.pdf
2026-06-29 13:10:52,537 | INFO     | Downloading : 108_14-May-2024-List of Additional eligible securities for May 2024-5_57ac13a7.pdf
2026-06-29 13:10:53,453 | INFO     | Downloading : 107_09-May-2024-List of Additional eligible securities for May 2024-4_1e7db277.pdf
2026-06-29 13:10:54,325 | INFO     | Downloading : 106_08-May-2024-List of Additional eligible securities for May 2024-3_9863b224.pdf
2026-06-29 13:10:55,204 | INFO     | Downloading : 105_07-May-2024-List of Additional eligible securities for May 2024-2_f6b10f3a.pdf
2026-06-29 13:10:56,052 | INFO     | Downloading : 104_02-May-2024-List of Additional eligible securities for May 2024-1_302f9c77.pdf
2026-06-29 13:10:56,799 | INFO     | Downloading : 103_02-May-2024-Consolidation of Baskets_f658f87c.pdf
2026-06-29 13:10:57,714 | INFO     | Downloading : 102_29-Apr-2024-List of Eligible Securities for May 2024_02514ebe.zip
2026-06-29 13:10:58,560 | INFO     | Downloading : 101_25-Apr-2024-Consolidation of Baskets_90398bb8.pdf
2026-06-29 13:10:59,543 | INFO     | Downloading : 100_22-Apr-2024-List of Additional eligible securities for April 2024-3_0fc5307f.pdf
2026-06-29 13:11:00,445 | INFO     | Downloading : 99_18-Apr-2024-List of Additional eligible securities for April 2024-2_2ae29bf9.pdf
2026-06-29 13:11:01,207 | INFO     | Downloading : 95_16-Apr-2024-Revised Settlement Calendar May 2024_364b92d6.pdf
2026-06-29 13:11:02,025 | INFO     | Downloading : 94_16-Apr-2024-Change in Holiday 2024_b6f42cd9.pdf
2026-06-29 13:11:02,772 | INFO     | Downloading : 93_15-Apr-2024-Annual Subscription Fees_49260c2a.pdf
2026-06-29 13:11:03,666 | INFO     | Downloading : 92_15-Apr-2024-Settlement Calendar May 2024_93b4992a.pdf
2026-06-29 13:11:04,463 | INFO     | Downloading : 89_08-Apr-2024-Launch of ARCL Connect Beta Version_355b9b20.pdf
2026-06-29 13:11:05,277 | INFO     | Downloading : 88_05-Apr-2024-List of Additional eligible securities for April 2024-1_28aaadbe.pdf
2026-06-29 13:11:06,099 | INFO     | Downloading : 87_02-Apr-2024-SEBI Annual Clearing Membership Fees_dae97b53.pdf
2026-06-29 13:11:07,001 | INFO     | Downloading : 86_28-Mar-2024-Revised list of Eligible Securities for April 2024_6c1f9fbf.zip
2026-06-29 13:11:07,715 | INFO     | Downloading : 85_27-Mar-2024-List of Eligible Securities for April 2024_364680f9.zip
2026-06-29 13:11:08,519 | INFO     | Downloading : 84_23-Mar-2024-Trading Session from DR_9f274be1.zip
2026-06-29 13:11:09,334 | INFO     | Downloading : 82_22-Mar-2024-Circular - Modification in Eligible Issuer_dbf729e1.pdf
2026-06-29 13:11:10,142 | INFO     | Downloading : 83_22-Mar-2024-List of Additional eligible securities for March 2024-7_346145d2.pdf
2026-06-29 13:11:10,895 | INFO     | Downloading : 81_20-Mar-2024-List of Additional eligible securities for March 2024-6_ae5ac71f.pdf
2026-06-29 13:11:11,752 | INFO     | Downloading : 80_19-Mar-2024-List of Additional eligible securities for March 2024-5_154e2e0c.pdf
2026-06-29 13:11:13,578 | INFO     | Downloading : 79_15-Mar-2024-Settlement Calander April 2024_efe09c09.pdf
2026-06-29 13:11:14,406 | INFO     | Downloading : 78_14-Mar-2024-List of Additional eligible securities for March 2024-4_234fece8.pdf
2026-06-29 13:11:15,225 | INFO     | Downloading : 77_12-Mar-2024-List of Additional eligible securities for March 2024-3_e5e2ba66.pdf
2026-06-29 13:11:15,977 | INFO     | Downloading : 76_12-Mar-2024-Corporate action handling_a7cb75d1.pdf
2026-06-29 13:11:16,769 | INFO     | Downloading : 75_11-Mar-2024-Waiver of Transaction Charges_ee2e483b.pdf
2026-06-29 13:11:17,533 | INFO     | Downloading : 74_05-Mar-2024-List of Additional eligible securities for March 2024-2_54c6515a.pdf
2026-06-29 13:11:18,334 | INFO     | Downloading : 73_01-Mar-2024-Revision in Eligibility Criteria for Participants_31414fd2.pdf
2026-06-29 13:11:19,141 | INFO     | Downloading : 71_27-Feb-2024-List of Additional eligible securities for February 2024-7_735e0487.pdf
2026-06-29 13:11:20,007 | INFO     | Downloading : 70_22-Feb-2024-Transaction Charges for Tri Party Repo_2a7357b1.pdf
2026-06-29 13:11:20,941 | INFO     | Downloading : 69_21-Feb-2024-List of Additional eligible securities for February 2024-6_4eb81fbe.pdf
2026-06-29 13:11:21,666 | INFO     | Downloading : 68_15-Feb-2024-List of Additional eligible securities for February 2024-5_e736eccb.pdf
2026-06-29 13:11:22,449 | INFO     | Downloading : 67_15-Feb-2024-Settlement Calandar March 2024_b3e51814.pdf
2026-06-29 13:11:23,232 | INFO     | Downloading : 66_13-Feb-2024-List of Additional eligible securities for February 2024-4_fc6e144c.pdf
2026-06-29 13:11:24,179 | INFO     | Downloading : 65_09-Feb-2024-List of Additional eligible securities for February 2024-3_225c8ae2.pdf
2026-06-29 13:11:25,118 | INFO     | Downloading : 64_06-Feb-2024-List of Additional eligible securities for February 2024-2_3d2f8e97.pdf
2026-06-29 13:11:25,934 | INFO     | Downloading : 63_06-Feb-2024-Revision in Funds Pay-Out timing_4ebfd924.pdf
2026-06-29 13:11:26,735 | INFO     | Downloading : 62_02-Feb-2024-List of Additional eligible securities for February 2024-1_895c5d2a.pdf
2026-06-29 13:11:27,492 | INFO     | Downloading : 60_29-Jan-2024-List of Additional eligible securities for January 2024-3_b6f2fefd.pdf
2026-06-29 13:11:28,261 | INFO     | Downloading : 61_29-Jan-2024-List of eligible securities for February 2024_3440a1e6.zip
2026-06-29 13:11:29,330 | INFO     | Downloading : 59_24-Jan-2024-List of Additional eligible securities for January 2024-2_1e33daa7.pdf
2026-06-29 13:11:30,148 | INFO     | Downloading : 58_23-Jan-2024-List of Additional eligible securities for January 2024-1_e132e6dc.pdf
2026-06-29 13:11:30,879 | INFO     | Downloading : 55_19-Jan-2024-Change in Settlement Calendar January 2024_7cb025a3.zip
2026-06-29 13:11:31,666 | INFO     | Downloading : 54_19-Jan-2024-Change in Holiday 2024_596876e1.zip
2026-06-29 13:11:32,476 | INFO     | Downloading : 53_15-Jan-2024-List of Additional eligible securities for January 2024_a851367a.pdf
2026-06-29 13:11:33,343 | INFO     | Downloading : 51_15-Jan-2024-Settlement Calendar February 2024_1101cc1f.pdf
2026-06-29 13:11:34,381 | INFO     | Downloading : 50_28-Dec-2023-List of eligible securities for January 2024_48acee6b.zip
2026-06-29 13:11:35,178 | INFO     | Downloading : 49_27-Dec-2023-Holiday for 2024_7e4d2724.pdf
2026-06-29 13:11:35,943 | INFO     | Downloading : 47_20-Dec-2023-Circular - Modification in Eligible Issuer_4e887c69.pdf
2026-06-29 13:11:36,682 | INFO     | Downloading : 48_20-Dec-2023-Modification of Eligible ISIN For December 2023_31328327.pdf
2026-06-29 13:11:37,451 | INFO     | Downloading : 46_19-Dec-2023-Settlement Calendar January 2024_ad40164c.pdf
2026-06-29 13:11:38,250 | INFO     | Downloading : 45_08-Dec-2023-Waiver of Transaction Charges_106d1620.pdf
2026-06-29 13:11:39,036 | INFO     | Downloading : 44_07-Dec-2023-Revised Eligible ISIN For December 2023_b92a7ba4.zip
2026-06-29 13:11:39,850 | INFO     | Downloading : 42_22-Nov-2023-Change in Registered Office Address_96713d50.pdf
2026-06-29 13:11:40,626 | INFO     | Downloading : 40_20-Nov-2023-Circular - Modification in eligible issuer_9ff21d5c.pdf
2026-06-29 13:11:41,478 | INFO     | Downloading : 41_20-Nov-2023-Modification of Eligible ISIN For November 2023_6902c2ea.zip
2026-06-29 13:11:42,299 | INFO     | Downloading : 39_15-Nov-2023-Settlement Calendar December 2023_5ab8da47.pdf
2026-06-29 13:11:43,066 | INFO     | Downloading : 38_08-Nov-2023-Additional Eligible ISIN For November 2023_838fc89d.zip
2026-06-29 13:11:43,863 | INFO     | Downloading : 37_01-Nov-2023-Revision in Eligibility Criteria for Participant_d5f81ea9.pdf
2026-06-29 13:11:44,647 | INFO     | Downloading : 36_27-Oct-2023-Eligible ISIN For November 2023_cf0be778.zip
2026-06-29 13:11:45,461 | INFO     | Downloading : 34_23-Oct-2023-Ease of doing business and development of corporate bond-Framework_e04b8af1.zip
2026-06-29 13:11:46,317 | INFO     | Downloading : 33_16-Oct-2023-Settlement Calander November 2023_9b16dad4.pdf
2026-06-29 13:11:47,171 | INFO     | Downloading : 32_09-Oct-2023-Submission of Half Yearly Networth Certificate_f9c166af.zip
2026-06-29 13:11:47,949 | INFO     | Downloading : 31_05-Oct-2023-Additional Eligible ISIN For October 2023_6e111cf7.zip
2026-06-29 13:11:48,848 | INFO     | Downloading : 30_29-Sep-2023-Circular_List of eligible issuer_2a62c346.zip
2026-06-29 13:11:49,623 | INFO     | Downloading : 29_29-Sep-2023-Eligible ISIN For October 2023_ed777dec.zip
2026-06-29 13:11:50,418 | INFO     | Downloading : 28_28-Sep-2023-Change in Settlement Calander September 2023_7438729b.pdf
2026-06-29 13:11:51,172 | INFO     | Downloading : 27_28-Sep-2023-Change in settlement holiday_8fc44a8f.zip
2026-06-29 13:11:51,963 | INFO     | Downloading : 26_27-Sep-2023-Change_Settlement Calander September 2023_8da1e1b1.pdf
2026-06-29 13:11:52,716 | INFO     | Downloading : 25_27-Sep-2023-28.09.2023_ed9d5b76.zip
2026-06-29 13:11:53,606 | INFO     | Downloading : 24_18-Sep-2023-Settlement Calander October 2023_10690803.pdf
2026-06-29 13:11:54,454 | INFO     | Downloading : 23_04-Sep-2023-Circular- Issuer Contribution Toward Core SGF_4eddaf5c.pdf
2026-06-29 13:11:55,249 | INFO     | Downloading : 22_29-Aug-2023-Eligible ISIN For September_8cc87a25.zip
2026-06-29 13:11:56,178 | INFO     | Downloading : 20_11-Aug-2023-Settlement Calander September 2023 _7a44192d.pdf
2026-06-29 13:11:56,966 | INFO     | Downloading : 19_04-Aug-2023-Circular - Issuer Contribution Toward Core SGF_e9076a82.pdf
2026-06-29 13:11:57,737 | INFO     | Downloading : 18_26-Jul-2023-Participation of Direct Client on Tri-Party Repo Product_a4759fe5.zip
2026-06-29 13:11:58,707 | INFO     | Downloading : 15_21-Jul-2023-Master Circular_Tri Party Repo_b4b5fc4e.zip
2026-06-29 13:11:59,568 | INFO     | Downloading : 17_21-Jul-2023-Settlement Calendar August 2023_122a5446.pdf
2026-06-29 13:12:00,379 | INFO     | Downloading : 16_21-Jul-2023-Settlement Calendar July 2023_708c5262.pdf
2026-06-29 13:12:01,388 | INFO     | Downloading : 14_27-Jun-2023-Change in Holiday_09f666df.zip
2026-06-29 13:12:03,280 | INFO     | Downloading : 13_16-Jun-2023-Master Circular_621e4bec.zip
2026-06-29 13:12:04,172 | INFO     | Downloading : 12_05-Jun-2023-Circular-Issuer Contribution towards Core SGF_69ba1239.pdf
2026-06-29 13:12:04,904 | INFO     | Downloading : 11_26-Apr-2023-Circular-Issuer Contribution Toward Core SGF_e14e0100.zip
2026-06-29 13:12:05,913 | INFO     | Downloading : 9_17-Apr-2023-Dispute Resolution Mechanism for Limited Purpose Clearing Corporation(LPCC)_590a467c.zip
2026-06-29 13:12:07,766 | INFO     | Downloading : PolicyforWindingDown_d44a4335.zip
2026-06-29 13:12:08,762 | INFO     | Downloading : ConsolidatedCircular_fc1e1dcb.zip
2026-06-29 13:12:09,673 | INFO     | Downloading : Holidays_a3f8126d.pdf
2026-06-29 13:12:10,579 | INFO     | Downloading : MemberReportStructure_df73086e.pdf
2026-06-29 13:12:11,430 | INFO     | Downloading : 3_11-Jan-2022-Investor Grievance  Redressal_e0c35401.zip
2026-06-29 13:12:12,300 | INFO     | 
2026-06-29 13:12:12,301 | INFO     | ARCL Summary
2026-06-29 13:12:12,301 | INFO     | -------------------------
2026-06-29 13:12:12,302 | INFO     | Total Documents Found : 413
2026-06-29 13:12:12,302 | INFO     | Already Processed     : 0
2026-06-29 13:12:12,302 | INFO     | Downloaded            : 411
2026-06-29 13:12:12,303 | INFO     | Failed                : 2
2026-06-29 13:12:12,303 | INFO     | ARCL Completed Successfully
2026-06-29 13:12:12,303 | INFO     | ======================================================================
2026-06-29 13:12:12,304 | INFO     | Running CKYC
2026-06-29 13:12:12,304 | INFO     | ======================================================================
2026-06-29 13:12:12,304 | INFO     | 
2026-06-29 13:12:12,305 | INFO     | ========== CKYC ==========
2026-06-29 13:12:13,242 | INFO     | Running CKYC extractor...
2026-06-29 13:12:13,274 | INFO     | Total Documents Found : 25
2026-06-29 13:12:13,274 | INFO     | Already Processed     : 0
2026-06-29 13:12:13,275 | INFO     | Downloading : helpdesk-query-form_2ca9e50b.pdf
2026-06-29 13:12:14,105 | ERROR    | Failed : helpdesk-query-form_2ca9e50b.pdf
Traceback (most recent call last):
  File "C:\ISEC\PDF_Downloader_Automation\extractors\ckyc.py", line 77, in download_documents
    response.raise_for_status()
    ~~~~~~~~~~~~~~~~~~~~~~~~~^^
  File "C:\Users\admin\AppData\Local\Programs\Python\Python314\Lib\site-packages\requests\models.py", line 1026, in raise_for_status
    raise HTTPError(http_error_msg, response=self)
requests.exceptions.HTTPError: 404 Client Error: Not Found for url: https://www.ckycindia.in/assets/images/helpdesk-query-form.pdf
2026-06-29 13:12:14,107 | INFO     | Downloading : Holidaylist2026_4444ee22.pdf
2026-06-29 13:12:14,921 | ERROR    | Failed : Holidaylist2026_4444ee22.pdf
Traceback (most recent call last):
  File "C:\ISEC\PDF_Downloader_Automation\extractors\ckyc.py", line 77, in download_documents
    response.raise_for_status()
    ~~~~~~~~~~~~~~~~~~~~~~~~~^^
  File "C:\Users\admin\AppData\Local\Programs\Python\Python314\Lib\site-packages\requests\models.py", line 1026, in raise_for_status
    raise HTTPError(http_error_msg, response=self)
requests.exceptions.HTTPError: 404 Client Error: Not Found for url: https://www.ckycindia.in/assets/doc/Holidaylist2026.pdf
2026-06-29 13:12:14,922 | INFO     | Downloading : Operating_Guidelines_version1.5_dac174aa.pdf
2026-06-29 13:12:15,765 | INFO     | Downloading : notification-CKYCRR_2.0_API_integration_and_REs_onboarding_282e8fd6.pdf
2026-06-29 13:12:16,579 | INFO     | Downloading : State_District_and_Pincode_Masters_update_01_OPT_a70cc602.pdf
2026-06-29 13:12:17,366 | INFO     | Downloading : DetailsofthenodalofficerregisteredinCKYCRR_3325d4ab.pdf
2026-06-29 13:12:18,257 | INFO     | Downloading : Bulk_update_notification_a2c4e49f.pdf
2026-06-29 13:12:19,091 | INFO     | Downloading : PML_amendment_Rules_19_Jul_2024_09144b1f.pdf
2026-06-29 13:12:19,919 | INFO     | Downloading : RecentCustomer_f300556a.pdf
2026-06-29 13:12:20,753 | INFO     | Downloading : Download_Consent_Notification_86e2b83d.pdf
2026-06-29 13:12:21,535 | INFO     | Downloading : StatusofimplementationofadvisorysharedbyCERSAI20234949PublicSectorBanks_6ea59d61.pdf
2026-06-29 13:12:22,328 | INFO     | Downloading : StatusofimplementationofadvisorysharedbyCERSAI4948_AllReportingEntitiesexceptPublicSectorBanks_4d73d7ce.pdf
2026-06-29 13:12:23,190 | INFO     | Downloading : CentralKnowyourCustomerRecordRegistryStatusofsearchdownloadfacilitiesbyRECERSAI4950AllReportingEntitiesexceptPublicSectorBanks_d7f3a0de.pdf
2026-06-29 13:12:24,305 | INFO     | Downloading : 4838-Rejection_in_upload_of_KYC_records_due_to_mismatch_of_PIN_920b55a2.pdf
2026-06-29 13:12:25,390 | INFO     | Downloading : Implementation_of_recommendations_of_the_Expert_Committee_734b7c0d.pdf
2026-06-29 13:12:26,198 | INFO     | Downloading : Communique-Guidelinesforuploadingdocumentsandphoto_25cdc3cf.pdf
2026-06-29 13:12:27,109 | INFO     | Downloading : DownloadConsentNotification_64b0bb7f.zip
2026-06-29 13:12:27,881 | INFO     | Downloading : RBI-Inspection-probable-match-notification-to-REs_d1789311.pdf
2026-06-29 13:12:28,792 | INFO     | Downloading : E-gazatte dated February 12,2019_d2a00d83.pdf
2026-06-29 13:12:29,630 | INFO     | Downloading : Ammendments to PMLA_e6026b60.pdf
2026-06-29 13:12:30,456 | INFO     | Downloading : PMLA 16th Oct 2017_dee894fb.pdf
2026-06-29 13:12:31,347 | INFO     | Downloading : Prevention of Money-laundering (Maintenance of Records) Amendment Rules_june_01_2017_9dcc0128.pdf
2026-06-29 13:12:32,350 | INFO     | Downloading : Prevention of Money-laundering (Maintenance of Records) Amendment Rules_april_12_2017_38cc18b6.pdf
2026-06-29 13:12:33,313 | INFO     | Downloading : Prevention of Money-laundering (Maintenance of Records) Amendment Rules_nov_26_2015_87efcd34.pdf
2026-06-29 13:12:34,147 | INFO     | Downloading : Prevention of Money-laundering (Maintenance of Records) Amendment Rules_july_07_f8b94ae5.pdf
2026-06-29 13:12:34,939 | INFO     | 
2026-06-29 13:12:34,940 | INFO     | CKYC Summary
2026-06-29 13:12:34,940 | INFO     | -------------------------
2026-06-29 13:12:34,940 | INFO     | Total Documents Found : 25
2026-06-29 13:12:34,941 | INFO     | Already Processed     : 0
2026-06-29 13:12:34,941 | INFO     | Downloaded            : 23
2026-06-29 13:12:34,942 | INFO     | Failed                : 2
2026-06-29 13:12:34,943 | INFO     | CKYC Completed Successfully
2026-06-29 13:12:34,943 | INFO     | ======================================================================
2026-06-29 13:12:34,943 | INFO     | Running MCX
2026-06-29 13:12:34,944 | INFO     | ======================================================================
2026-06-29 13:12:36,800 | INFO     | MCX Completed Successfully
2026-06-29 13:12:36,801 | INFO     | 
2026-06-29 13:12:36,801 | INFO     | ================================================================================
2026-06-29 13:12:36,801 | INFO     | AUTOMATION FINISHED
2026-06-29 13:12:36,802 | INFO     | Finished At : 29-06-2026 13:12:36
2026-06-29 13:12:36,802 | INFO     | ================================================================================
2026-06-29 14:01:40,173 | INFO     | 
2026-06-29 14:01:40,174 | INFO     | ================================================================================
2026-06-29 14:01:40,174 | INFO     | PDF AUTOMATION SYSTEM
2026-06-29 14:01:40,174 | INFO     | Started At : 29-06-2026 14:01:40
2026-06-29 14:01:40,174 | INFO     | ================================================================================
2026-06-29 14:01:40,174 | INFO     | ======================================================================
2026-06-29 14:01:40,174 | INFO     | Running NSE
2026-06-29 14:01:40,174 | INFO     | ======================================================================
2026-06-29 14:01:40,758 | INFO     | NSE Completed Successfully
2026-06-29 14:01:40,758 | INFO     | ======================================================================
2026-06-29 14:01:40,758 | INFO     | Running BSE
2026-06-29 14:01:40,758 | INFO     | ======================================================================
2026-06-29 14:01:41,475 | INFO     | BSE Completed Successfully
2026-06-29 14:01:41,475 | INFO     | ======================================================================
2026-06-29 14:01:41,475 | INFO     | Running CDSL
2026-06-29 14:01:41,475 | INFO     | ======================================================================
2026-06-29 14:01:43,063 | INFO     | CDSL Completed Successfully
2026-06-29 14:01:43,064 | INFO     | ======================================================================
2026-06-29 14:01:43,064 | INFO     | Running AMFI
2026-06-29 14:01:43,064 | INFO     | ======================================================================
2026-06-29 14:01:43,064 | INFO     | 
2026-06-29 14:01:43,064 | INFO     | ========== AMFI ==========
2026-06-29 14:01:43,423 | INFO     | Running AMFI extractor...
2026-06-29 14:01:43,458 | INFO     | Total Documents Found : 56
2026-06-29 14:01:43,458 | INFO     | Already Processed     : 56
2026-06-29 14:01:43,458 | INFO     | No new documents found.
2026-06-29 14:01:43,458 | INFO     | AMFI Completed Successfully
2026-06-29 14:01:43,458 | INFO     | ======================================================================
2026-06-29 14:01:43,459 | INFO     | Running ARCL
2026-06-29 14:01:43,459 | INFO     | ======================================================================
2026-06-29 14:01:43,459 | INFO     | 
2026-06-29 14:01:43,459 | INFO     | ========== ARCL ==========
2026-06-29 14:01:45,747 | INFO     | Running ARCL extractor...
2026-06-29 14:01:45,819 | INFO     | Total Documents Found : 413
2026-06-29 14:01:45,820 | INFO     | Already Processed     : 413
2026-06-29 14:01:45,820 | INFO     | No new documents found.
2026-06-29 14:01:45,820 | INFO     | ARCL Completed Successfully
2026-06-29 14:01:45,820 | INFO     | ======================================================================
2026-06-29 14:01:45,821 | INFO     | Running CKYC
2026-06-29 14:01:45,821 | INFO     | ======================================================================
2026-06-29 14:01:45,821 | INFO     | 
2026-06-29 14:01:45,822 | INFO     | ========== CKYC ==========
2026-06-29 14:01:46,455 | INFO     | Running CKYC extractor...
2026-06-29 14:01:46,472 | INFO     | Total Documents Found : 25
2026-06-29 14:01:46,472 | INFO     | Already Processed     : 25
2026-06-29 14:01:46,472 | INFO     | No new documents found.
2026-06-29 14:01:46,473 | INFO     | CKYC Completed Successfully
2026-06-29 14:01:46,473 | INFO     | ======================================================================
2026-06-29 14:01:46,473 | INFO     | Running MCX
2026-06-29 14:01:46,473 | INFO     | ======================================================================
2026-06-29 14:01:48,016 | INFO     | MCX Completed Successfully
2026-06-29 14:01:48,017 | INFO     | 
2026-06-29 14:01:48,017 | INFO     | ================================================================================
2026-06-29 14:01:48,017 | INFO     | AUTOMATION FINISHED
2026-06-29 14:01:48,017 | INFO     | Finished At : 29-06-2026 14:01:48
2026-06-29 14:01:48,017 | INFO     | ================================================================================
