2026-06-29 16:33:36,261 INFO     ════════════════════════════════════════════════════════════
2026-06-29 16:33:36,261 INFO     Scraping run started at 2026-06-29 16:33:36
2026-06-29 16:33:36,261 INFO     ════════════════════════════════════════════════════════════
2026-06-29 16:33:36,261 INFO     ────────────────────────────────────────────────────────────
2026-06-29 16:33:36,261 INFO     Running NSE
2026-06-29 16:33:38,393 INFO     NSE Completed Successfully
2026-06-29 16:33:38,393 INFO     ────────────────────────────────────────────────────────────
2026-06-29 16:33:38,393 INFO     Running BSE
2026-06-29 16:33:38,726 INFO     BSE Completed Successfully
2026-06-29 16:33:38,726 INFO     ────────────────────────────────────────────────────────────
2026-06-29 16:33:38,726 INFO     Running CDSL
2026-06-29 16:33:41,380 INFO     CDSL Completed Successfully
2026-06-29 16:33:41,380 INFO     ────────────────────────────────────────────────────────────
2026-06-29 16:33:41,380 INFO     Running AMFI
2026-06-29 16:33:41,380 ERROR    AMFI Failed
Traceback (most recent call last):
  File "C:\ISEC\PDF_Downloader_Automation\main.py", line 53, in run_website
    function()
    ~~~~~~~~^^
  File "C:\ISEC\PDF_Downloader_Automation\extractors\amfi.py", line 91, in download_amfi
    logger.info("")
    ^^^^^^^^^^^
AttributeError: 'function' object has no attribute 'info'
2026-06-29 16:33:41,381 INFO     ────────────────────────────────────────────────────────────
2026-06-29 16:33:41,382 INFO     Running ARCL
2026-06-29 16:33:41,382 ERROR    ARCL Failed
Traceback (most recent call last):
  File "C:\ISEC\PDF_Downloader_Automation\main.py", line 53, in run_website
    function()
    ~~~~~~~~^^
  File "C:\ISEC\PDF_Downloader_Automation\extractors\arcl.py", line 91, in download_arcl
    logger.info("")
    ^^^^^^^^^^^
AttributeError: 'function' object has no attribute 'info'
2026-06-29 16:33:41,386 INFO     ────────────────────────────────────────────────────────────
2026-06-29 16:33:41,386 INFO     Running CKYC
2026-06-29 16:33:41,387 ERROR    CKYC Failed
Traceback (most recent call last):
  File "C:\ISEC\PDF_Downloader_Automation\main.py", line 53, in run_website
    function()
    ~~~~~~~~^^
  File "C:\ISEC\PDF_Downloader_Automation\extractors\ckyc.py", line 91, in download_ckyc
    logger.info("")
    ^^^^^^^^^^^
AttributeError: 'function' object has no attribute 'info'
2026-06-29 16:33:41,388 INFO     ────────────────────────────────────────────────────────────
2026-06-29 16:33:41,388 INFO     Running MCX
2026-06-29 16:33:42,732 INFO     MCX Completed Successfully
2026-06-29 16:33:42,732 INFO     ────────────────────────────────────────────────────────────
2026-06-29 16:33:42,732 INFO     Running APMI
2026-06-29 16:33:47,763 INFO     APMI Completed Successfully
2026-06-29 16:33:47,763 INFO     ────────────────────────────────────────────────────────────
2026-06-29 16:33:47,764 INFO     Running PFRDA
2026-06-29 16:34:08,334 INFO     PFRDA Completed Successfully
2026-06-29 16:34:08,334 INFO     ────────────────────────────────────────────────────────────
2026-06-29 16:34:08,334 INFO     Running NSDL
2026-06-29 16:34:10,723 INFO     NSDL Completed Successfully
2026-06-29 16:34:10,723 INFO     ────────────────────────────────────────────────────────────
2026-06-29 16:34:10,723 INFO     Running SEBI
2026-06-29 16:34:11,366 INFO     SEBI Completed Successfully
2026-06-29 16:34:11,366 INFO     ────────────────────────────────────────────────────────────
2026-06-29 16:34:11,366 INFO     Running IRDAI
2026-06-29 16:34:12,324 INFO     IRDAI Completed Successfully
2026-06-29 16:34:12,325 INFO     ────────────────────────────────────────────────────────────
2026-06-29 16:34:12,325 INFO     Summary
2026-06-29 16:34:12,325 INFO     
2026-06-29 16:34:12,325 INFO     Run completed in 36.1 seconds
2026-06-29 16:34:12,326 INFO     Downloads saved under: C:\ISEC\PDF_Downloader_Automation\downloads
2026-06-29 16:34:12,326 INFO     ════════════════════════════════════════════════════════════
2026-06-29 16:34:12,326 INFO     
2026-06-29 16:38:01,015 INFO     ════════════════════════════════════════════════════════════
2026-06-29 16:38:01,015 INFO     Scraping run started at 2026-06-29 16:38:01
2026-06-29 16:38:01,015 INFO     ════════════════════════════════════════════════════════════
2026-06-29 16:38:01,015 INFO     ────────────────────────────────────────────────────────────
2026-06-29 16:38:01,015 INFO     Running NSE
2026-06-29 16:38:02,122 INFO     NSE Completed Successfully
2026-06-29 16:38:02,122 INFO     ────────────────────────────────────────────────────────────
2026-06-29 16:38:02,122 INFO     Running BSE
2026-06-29 16:38:02,527 INFO     BSE Completed Successfully
2026-06-29 16:38:02,527 INFO     ────────────────────────────────────────────────────────────
2026-06-29 16:38:02,527 INFO     Running CDSL
2026-06-29 16:38:03,925 INFO     CDSL Completed Successfully
2026-06-29 16:38:03,925 INFO     ────────────────────────────────────────────────────────────
2026-06-29 16:38:03,925 INFO     Running AMFI
2026-06-29 16:38:03,925 ERROR    AMFI Failed
Traceback (most recent call last):
  File "C:\ISEC\PDF_Downloader_Automation\main.py", line 53, in run_website
    function()
    ~~~~~~~~^^
  File "C:\ISEC\PDF_Downloader_Automation\extractors\amfi.py", line 91, in download_amfi
    logger.info("")
    ^^^^^^
NameError: name 'logger' is not defined
2026-06-29 16:38:03,931 INFO     ────────────────────────────────────────────────────────────
2026-06-29 16:38:03,931 INFO     Running ARCL
2026-06-29 16:38:03,931 ERROR    ARCL Failed
Traceback (most recent call last):
  File "C:\ISEC\PDF_Downloader_Automation\main.py", line 53, in run_website
    function()
    ~~~~~~~~^^
  File "C:\ISEC\PDF_Downloader_Automation\extractors\arcl.py", line 91, in download_arcl
    logger.info("")
    ^^^^^^
NameError: name 'logger' is not defined
2026-06-29 16:38:03,932 INFO     ────────────────────────────────────────────────────────────
2026-06-29 16:38:03,932 INFO     Running CKYC
2026-06-29 16:38:03,932 ERROR    CKYC Failed
Traceback (most recent call last):
  File "C:\ISEC\PDF_Downloader_Automation\main.py", line 53, in run_website
    function()
    ~~~~~~~~^^
  File "C:\ISEC\PDF_Downloader_Automation\extractors\ckyc.py", line 91, in download_ckyc
    logger.info("")
    ^^^^^^
NameError: name 'logger' is not defined
2026-06-29 16:38:03,932 INFO     ────────────────────────────────────────────────────────────
2026-06-29 16:38:03,932 INFO     Running MCX
2026-06-29 16:38:05,205 INFO     MCX Completed Successfully
2026-06-29 16:38:05,205 INFO     ────────────────────────────────────────────────────────────
2026-06-29 16:38:05,206 INFO     Running APMI
2026-06-29 16:38:05,995 INFO     APMI Completed Successfully
2026-06-29 16:38:05,995 INFO     ────────────────────────────────────────────────────────────
2026-06-29 16:38:05,996 INFO     Running PFRDA
2026-06-29 16:38:24,382 INFO     PFRDA Completed Successfully
2026-06-29 16:38:24,382 INFO     ────────────────────────────────────────────────────────────
2026-06-29 16:38:24,382 INFO     Running NSDL
2026-06-29 16:38:26,738 INFO     NSDL Completed Successfully
2026-06-29 16:38:26,738 INFO     ────────────────────────────────────────────────────────────
2026-06-29 16:38:26,738 INFO     Running SEBI
2026-06-29 16:38:27,363 INFO     SEBI Completed Successfully
2026-06-29 16:38:27,363 INFO     ────────────────────────────────────────────────────────────
2026-06-29 16:38:27,363 INFO     Running IRDAI
2026-06-29 16:38:29,485 INFO     IRDAI Completed Successfully
2026-06-29 16:38:29,485 INFO     ────────────────────────────────────────────────────────────
2026-06-29 16:38:29,485 INFO     Summary
2026-06-29 16:38:29,485 INFO     
2026-06-29 16:38:29,485 INFO     Run completed in 28.5 seconds
2026-06-29 16:38:29,486 INFO     Downloads saved under: C:\ISEC\PDF_Downloader_Automation\downloads
2026-06-29 16:38:29,486 INFO     ════════════════════════════════════════════════════════════
2026-06-29 16:38:29,486 INFO     
2026-06-29 16:40:40,793 INFO     ════════════════════════════════════════════════════════════
2026-06-29 16:40:40,793 INFO     Scraping run started at 2026-06-29 16:40:40
2026-06-29 16:40:40,793 INFO     ════════════════════════════════════════════════════════════
2026-06-29 16:40:40,793 INFO     ────────────────────────────────────────────────────────────
2026-06-29 16:40:40,793 INFO     Running NSE
2026-06-29 16:40:42,195 INFO     NSE Completed Successfully
2026-06-29 16:40:42,195 INFO     ────────────────────────────────────────────────────────────
2026-06-29 16:40:42,195 INFO     Running BSE
2026-06-29 16:40:42,658 INFO     BSE Completed Successfully
2026-06-29 16:40:42,658 INFO     ────────────────────────────────────────────────────────────
2026-06-29 16:40:42,658 INFO     Running CDSL
2026-06-29 16:40:44,900 INFO     CDSL Completed Successfully
2026-06-29 16:40:44,901 INFO     ────────────────────────────────────────────────────────────
2026-06-29 16:40:44,901 INFO     Running AMFI
2026-06-29 16:40:44,901 ERROR    AMFI Failed
Traceback (most recent call last):
  File "C:\ISEC\PDF_Downloader_Automation\main.py", line 53, in run_website
    function()
    ~~~~~~~~^^
  File "C:\ISEC\PDF_Downloader_Automation\extractors\amfi.py", line 91, in download_amfi
    get_logger.info("")
    ^^^^^^^^^^^^^^^
AttributeError: 'function' object has no attribute 'info'
2026-06-29 16:40:44,902 INFO     ────────────────────────────────────────────────────────────
2026-06-29 16:40:44,902 INFO     Running ARCL
2026-06-29 16:40:44,902 ERROR    ARCL Failed
Traceback (most recent call last):
  File "C:\ISEC\PDF_Downloader_Automation\main.py", line 53, in run_website
    function()
    ~~~~~~~~^^
  File "C:\ISEC\PDF_Downloader_Automation\extractors\arcl.py", line 91, in download_arcl
    get_logger.info("")
    ^^^^^^^^^^^^^^^
AttributeError: 'function' object has no attribute 'info'
2026-06-29 16:40:44,903 INFO     ────────────────────────────────────────────────────────────
2026-06-29 16:40:44,903 INFO     Running CKYC
2026-06-29 16:40:44,903 ERROR    CKYC Failed
Traceback (most recent call last):
  File "C:\ISEC\PDF_Downloader_Automation\main.py", line 53, in run_website
    function()
    ~~~~~~~~^^
  File "C:\ISEC\PDF_Downloader_Automation\extractors\ckyc.py", line 91, in download_ckyc
    get_logger.info("")
    ^^^^^^^^^^^^^^^
AttributeError: 'function' object has no attribute 'info'
2026-06-29 16:40:44,904 INFO     ────────────────────────────────────────────────────────────
2026-06-29 16:40:44,904 INFO     Running MCX
2026-06-29 16:40:46,132 INFO     MCX Completed Successfully
2026-06-29 16:40:46,132 INFO     ────────────────────────────────────────────────────────────
2026-06-29 16:40:46,133 INFO     Running APMI
2026-06-29 16:40:48,752 INFO     APMI Completed Successfully
2026-06-29 16:40:48,753 INFO     ────────────────────────────────────────────────────────────
2026-06-29 16:40:48,753 INFO     Running PFRDA
2026-06-29 16:41:16,171 INFO     PFRDA Completed Successfully
2026-06-29 16:41:16,171 INFO     ────────────────────────────────────────────────────────────
2026-06-29 16:41:16,171 INFO     Running NSDL
2026-06-29 16:41:18,662 INFO     NSDL Completed Successfully
2026-06-29 16:41:18,662 INFO     ────────────────────────────────────────────────────────────
2026-06-29 16:41:18,662 INFO     Running SEBI
2026-06-29 16:41:19,260 INFO     SEBI Completed Successfully
2026-06-29 16:41:19,260 INFO     ────────────────────────────────────────────────────────────
2026-06-29 16:41:19,260 INFO     Running IRDAI
2026-06-29 16:41:22,691 INFO     IRDAI Completed Successfully
2026-06-29 16:41:22,691 INFO     ────────────────────────────────────────────────────────────
2026-06-29 16:41:22,691 INFO     Summary
2026-06-29 16:41:22,691 INFO     
2026-06-29 16:41:22,691 INFO     Run completed in 41.9 seconds
2026-06-29 16:41:22,692 INFO     Downloads saved under: C:\ISEC\PDF_Downloader_Automation\downloads
2026-06-29 16:41:22,692 INFO     ════════════════════════════════════════════════════════════
2026-06-29 16:41:22,692 INFO     
2026-06-29 16:49:01,828 INFO     ════════════════════════════════════════════════════════════
2026-06-29 16:49:01,828 INFO     Scraping run started at 2026-06-29 16:49:01
2026-06-29 16:49:01,829 INFO     ════════════════════════════════════════════════════════════
2026-06-29 16:49:01,829 INFO     ────────────────────────────────────────────────────────────
2026-06-29 16:49:01,829 INFO     Running NSE
2026-06-29 16:49:02,916 INFO     NSE Completed Successfully
2026-06-29 16:49:02,916 INFO     ────────────────────────────────────────────────────────────
2026-06-29 16:49:02,916 INFO     Running BSE
2026-06-29 16:49:03,257 INFO     BSE Completed Successfully
2026-06-29 16:49:03,257 INFO     ────────────────────────────────────────────────────────────
2026-06-29 16:49:03,257 INFO     Running CDSL
2026-06-29 16:49:04,731 INFO     CDSL Completed Successfully
2026-06-29 16:49:04,731 INFO     ────────────────────────────────────────────────────────────
2026-06-29 16:49:04,732 INFO     Running AMFI
2026-06-29 16:49:05,125 INFO     AMFI Completed Successfully
2026-06-29 16:49:05,125 INFO     ────────────────────────────────────────────────────────────
2026-06-29 16:49:05,125 INFO     Running ARCL
2026-06-29 16:49:07,398 INFO     ARCL Completed Successfully
2026-06-29 16:49:07,398 INFO     ────────────────────────────────────────────────────────────
2026-06-29 16:49:07,398 INFO     Running CKYC
2026-06-29 16:49:07,862 INFO     CKYC Completed Successfully
2026-06-29 16:49:07,862 INFO     ────────────────────────────────────────────────────────────
2026-06-29 16:49:07,862 INFO     Running MCX
2026-06-29 16:49:10,905 INFO     MCX Completed Successfully
2026-06-29 16:49:10,905 INFO     ────────────────────────────────────────────────────────────
2026-06-29 16:49:10,905 INFO     Running APMI
2026-06-29 16:49:11,755 INFO     APMI Completed Successfully
2026-06-29 16:49:11,755 INFO     ────────────────────────────────────────────────────────────
2026-06-29 16:49:11,755 INFO     Running PFRDA
2026-06-29 16:49:37,959 INFO     PFRDA Completed Successfully
2026-06-29 16:49:37,959 INFO     ────────────────────────────────────────────────────────────
2026-06-29 16:49:37,959 INFO     Running NSDL
2026-06-29 16:49:41,440 INFO     NSDL Completed Successfully
2026-06-29 16:49:41,440 INFO     ────────────────────────────────────────────────────────────
2026-06-29 16:49:41,440 INFO     Running SEBI
2026-06-29 16:49:42,137 INFO     SEBI Completed Successfully
2026-06-29 16:49:42,137 INFO     ────────────────────────────────────────────────────────────
2026-06-29 16:49:42,137 INFO     Running IRDAI
2026-06-29 16:49:42,936 INFO     IRDAI Completed Successfully
2026-06-29 16:49:42,937 INFO     ────────────────────────────────────────────────────────────
2026-06-29 16:49:42,937 INFO     Summary
2026-06-29 16:49:42,937 INFO     
2026-06-29 16:49:42,937 INFO     Run completed in 41.1 seconds
2026-06-29 16:49:42,938 INFO     Downloads saved under: C:\ISEC\PDF_Downloader_Automation\downloads
2026-06-29 16:49:42,938 INFO     ════════════════════════════════════════════════════════════
2026-06-29 16:49:42,938 INFO     
2026-06-29 16:54:42,915 INFO     ════════════════════════════════════════════════════════════
2026-06-29 16:54:42,915 INFO     Scraping run started at 2026-06-29 16:54:42
2026-06-29 16:54:42,915 INFO     ════════════════════════════════════════════════════════════
2026-06-29 16:54:42,915 INFO     ────────────────────────────────────────────────────────────
2026-06-29 16:54:42,916 INFO     Running NSE
2026-06-29 16:54:46,659 INFO     NSE Completed Successfully
2026-06-29 16:54:46,660 INFO     ────────────────────────────────────────────────────────────
2026-06-29 16:54:46,660 INFO     Running BSE
2026-06-29 16:54:49,037 INFO     BSE Completed Successfully
2026-06-29 16:54:49,037 INFO     ────────────────────────────────────────────────────────────
2026-06-29 16:54:49,037 INFO     Running CDSL
2026-06-29 16:54:51,750 INFO     CDSL Completed Successfully
2026-06-29 16:54:51,751 INFO     ────────────────────────────────────────────────────────────
2026-06-29 16:54:51,751 INFO     Running AMFI
2026-06-29 16:54:52,719 INFO     AMFI Completed Successfully
2026-06-29 16:54:52,719 INFO     ────────────────────────────────────────────────────────────
2026-06-29 16:54:52,719 INFO     Running ARCL
2026-06-29 16:54:55,105 INFO     ARCL Completed Successfully
2026-06-29 16:54:55,105 INFO     ────────────────────────────────────────────────────────────
2026-06-29 16:54:55,105 INFO     Running CKYC
2026-06-29 16:54:55,554 INFO     CKYC Completed Successfully
2026-06-29 16:54:55,554 INFO     ────────────────────────────────────────────────────────────
2026-06-29 16:54:55,554 INFO     Running MCX
2026-06-29 16:54:56,830 INFO     MCX Completed Successfully
2026-06-29 16:54:56,830 INFO     ────────────────────────────────────────────────────────────
2026-06-29 16:54:56,830 INFO     Running APMI
2026-06-29 16:54:57,663 INFO     APMI Completed Successfully
2026-06-29 16:54:57,663 INFO     ────────────────────────────────────────────────────────────
2026-06-29 16:54:57,663 INFO     Running PFRDA
2026-06-29 16:55:15,149 INFO     PFRDA Completed Successfully
2026-06-29 16:55:15,149 INFO     ────────────────────────────────────────────────────────────
2026-06-29 16:55:15,149 INFO     Running NSDL
2026-06-29 16:55:17,772 INFO     NSDL Completed Successfully
2026-06-29 16:55:17,772 INFO     ────────────────────────────────────────────────────────────
2026-06-29 16:55:17,773 INFO     Running SEBI
2026-06-29 16:55:19,475 INFO     SEBI Completed Successfully
2026-06-29 16:55:19,475 INFO     ────────────────────────────────────────────────────────────
2026-06-29 16:55:19,475 INFO     Running IRDAI
2026-06-29 16:55:20,397 INFO     IRDAI Completed Successfully
2026-06-29 16:55:20,397 INFO     ────────────────────────────────────────────────────────────
2026-06-29 16:55:20,398 INFO     Summary
2026-06-29 16:55:20,398 INFO     
2026-06-29 16:55:20,398 INFO     Run completed in 37.5 seconds
2026-06-29 16:55:20,398 INFO     Downloads saved under: C:\ISEC\PDF_Downloader_Automation\downloads
2026-06-29 16:55:20,399 INFO     ════════════════════════════════════════════════════════════
2026-06-29 16:55:20,399 INFO     
2026-06-29 16:58:56,001 INFO     ════════════════════════════════════════════════════════════
2026-06-29 16:58:56,002 INFO     Scraping run started at 2026-06-29 16:58:56
2026-06-29 16:58:56,002 INFO     ════════════════════════════════════════════════════════════
2026-06-29 16:58:56,002 INFO     ────────────────────────────────────────────────────────────
2026-06-29 16:58:56,003 INFO     Running NSE
2026-06-29 16:58:57,047 INFO     NSE Completed Successfully
2026-06-29 16:58:57,048 INFO     ────────────────────────────────────────────────────────────
2026-06-29 16:58:57,048 INFO     Running BSE
2026-06-29 16:58:57,589 INFO     BSE Completed Successfully
2026-06-29 16:58:57,590 INFO     ────────────────────────────────────────────────────────────
2026-06-29 16:58:57,590 INFO     Running CDSL
2026-06-29 16:58:59,192 INFO     CDSL Completed Successfully
2026-06-29 16:58:59,192 INFO     ────────────────────────────────────────────────────────────
2026-06-29 16:58:59,192 INFO     Running AMFI
2026-06-29 16:59:00,032 INFO     AMFI Completed Successfully
2026-06-29 16:59:00,033 INFO     ────────────────────────────────────────────────────────────
2026-06-29 16:59:00,033 INFO     Running ARCL
2026-06-29 16:59:03,138 INFO     ARCL Completed Successfully
2026-06-29 16:59:03,139 INFO     ────────────────────────────────────────────────────────────
2026-06-29 16:59:03,139 INFO     Running CKYC
2026-06-29 16:59:03,930 INFO     CKYC Completed Successfully
2026-06-29 16:59:03,931 INFO     ────────────────────────────────────────────────────────────
2026-06-29 16:59:03,931 INFO     Running MCX
2026-06-29 16:59:05,643 INFO     MCX Completed Successfully
2026-06-29 16:59:05,643 INFO     ────────────────────────────────────────────────────────────
2026-06-29 16:59:05,643 INFO     Running APMI
2026-06-29 16:59:07,569 INFO     APMI Completed Successfully
2026-06-29 16:59:07,569 INFO     ────────────────────────────────────────────────────────────
2026-06-29 16:59:07,570 INFO     Running PFRDA
2026-06-29 16:59:40,007 INFO     PFRDA Completed Successfully
2026-06-29 16:59:40,007 INFO     ────────────────────────────────────────────────────────────
2026-06-29 16:59:40,008 INFO     Running NSDL
2026-06-29 16:59:45,335 INFO     NSDL Completed Successfully
2026-06-29 16:59:45,335 INFO     ────────────────────────────────────────────────────────────
2026-06-29 16:59:45,335 INFO     Running SEBI
2026-06-29 16:59:46,331 INFO     SEBI Completed Successfully
2026-06-29 16:59:46,331 INFO     ────────────────────────────────────────────────────────────
2026-06-29 16:59:46,332 INFO     Running IRDAI
2026-06-29 16:59:47,815 INFO     IRDAI Completed Successfully
2026-06-29 16:59:47,815 INFO     ────────────────────────────────────────────────────────────
2026-06-29 16:59:47,816 INFO     Summary
2026-06-29 16:59:47,816 INFO     
2026-06-29 16:59:47,816 INFO     Run completed in 51.8 seconds
2026-06-29 16:59:47,817 INFO     Downloads saved under: C:\ISEC\PDF_Downloader_Automation\downloads
2026-06-29 16:59:47,817 INFO     ════════════════════════════════════════════════════════════
2026-06-29 16:59:47,818 INFO     
2026-06-30 10:24:46,209 INFO     ════════════════════════════════════════════════════════════
2026-06-30 10:24:46,210 INFO     Scraping run started at 2026-06-30 10:24:46
2026-06-30 10:24:46,211 INFO     ════════════════════════════════════════════════════════════
2026-06-30 10:24:46,211 INFO     ────────────────────────────────────────────────────────────
2026-06-30 10:24:46,212 INFO     Running NSE
2026-06-30 10:24:47,303 INFO     NSE Completed Successfully
2026-06-30 10:24:47,303 INFO     ────────────────────────────────────────────────────────────
2026-06-30 10:24:47,303 INFO     Running BSE
2026-06-30 10:24:49,226 INFO     BSE Completed Successfully
2026-06-30 10:24:49,227 INFO     ────────────────────────────────────────────────────────────
2026-06-30 10:24:49,227 INFO     Running CDSL
2026-06-30 10:24:52,089 INFO     CDSL Completed Successfully
2026-06-30 10:24:52,089 INFO     ────────────────────────────────────────────────────────────
2026-06-30 10:24:52,089 INFO     Running AMFI
2026-06-30 10:24:53,041 INFO     AMFI Completed Successfully
2026-06-30 10:24:53,041 INFO     ────────────────────────────────────────────────────────────
2026-06-30 10:24:53,042 INFO     Running ARCL
2026-06-30 10:24:57,183 INFO     ARCL Completed Successfully
2026-06-30 10:24:57,183 INFO     ────────────────────────────────────────────────────────────
2026-06-30 10:24:57,183 INFO     Running CKYC
2026-06-30 10:24:58,270 INFO     CKYC Completed Successfully
2026-06-30 10:24:58,271 INFO     ────────────────────────────────────────────────────────────
2026-06-30 10:24:58,271 INFO     Running MCX
2026-06-30 10:24:59,943 INFO     MCX Completed Successfully
2026-06-30 10:24:59,943 INFO     ────────────────────────────────────────────────────────────
2026-06-30 10:24:59,943 INFO     Running APMI
2026-06-30 10:25:01,834 INFO     APMI Completed Successfully
2026-06-30 10:25:01,835 INFO     ────────────────────────────────────────────────────────────
2026-06-30 10:25:01,835 INFO     Running PFRDA
2026-06-30 10:25:38,625 INFO     PFRDA Completed Successfully
2026-06-30 10:25:38,625 INFO     ────────────────────────────────────────────────────────────
2026-06-30 10:25:38,626 INFO     Running NSDL
2026-06-30 10:25:49,261 INFO     NSDL Completed Successfully
2026-06-30 10:25:49,261 INFO     ────────────────────────────────────────────────────────────
2026-06-30 10:25:49,262 INFO     Running SEBI
2026-06-30 10:25:50,216 INFO     SEBI Completed Successfully
2026-06-30 10:25:50,217 INFO     ────────────────────────────────────────────────────────────
2026-06-30 10:25:50,217 INFO     Running IRDAI
2026-06-30 10:25:51,546 INFO     IRDAI Completed Successfully
2026-06-30 10:25:51,547 INFO     ────────────────────────────────────────────────────────────
2026-06-30 10:25:51,547 INFO     Summary
2026-06-30 10:25:51,548 INFO     
2026-06-30 10:25:51,548 INFO     Run completed in 65.3 seconds
2026-06-30 10:25:51,549 INFO     Downloads saved under: C:\ISEC\PDF_Downloader_Automation\downloads
2026-06-30 10:25:51,549 INFO     ════════════════════════════════════════════════════════════
2026-06-30 10:25:51,549 INFO     
2026-06-30 10:31:33,897 INFO     ════════════════════════════════════════════════════════════
2026-06-30 10:31:33,897 INFO     Scraping run started at 2026-06-30 10:31:33
2026-06-30 10:31:33,898 INFO     ════════════════════════════════════════════════════════════
2026-06-30 10:31:33,898 INFO     ────────────────────────────────────────────────────────────
2026-06-30 10:31:33,898 INFO     Running NSE
2026-06-30 10:31:35,093 INFO     NSE Completed Successfully
2026-06-30 10:31:35,094 INFO     ────────────────────────────────────────────────────────────
2026-06-30 10:31:35,095 INFO     Running BSE
2026-06-30 10:31:36,048 INFO     BSE Completed Successfully
2026-06-30 10:31:36,048 INFO     ────────────────────────────────────────────────────────────
2026-06-30 10:31:36,048 INFO     Running CDSL
2026-06-30 10:31:38,162 INFO     CDSL Completed Successfully
2026-06-30 10:31:38,163 INFO     ────────────────────────────────────────────────────────────
2026-06-30 10:31:38,163 INFO     Running AMFI
2026-06-30 10:31:38,984 INFO     AMFI Completed Successfully
2026-06-30 10:31:38,984 INFO     ────────────────────────────────────────────────────────────
2026-06-30 10:31:38,984 INFO     Running ARCL
2026-06-30 10:31:41,860 INFO     ARCL Completed Successfully
2026-06-30 10:31:41,861 INFO     ────────────────────────────────────────────────────────────
2026-06-30 10:31:41,861 INFO     Running CKYC
2026-06-30 10:31:42,803 INFO     CKYC Completed Successfully
2026-06-30 10:31:42,803 INFO     ────────────────────────────────────────────────────────────
2026-06-30 10:31:42,804 INFO     Running MCX
2026-06-30 10:31:44,356 INFO     MCX Completed Successfully
2026-06-30 10:31:44,357 INFO     ────────────────────────────────────────────────────────────
2026-06-30 10:31:44,357 INFO     Running APMI
2026-06-30 10:31:48,316 INFO     APMI Completed Successfully
2026-06-30 10:31:48,316 INFO     ────────────────────────────────────────────────────────────
2026-06-30 10:31:48,317 INFO     Running PFRDA
2026-06-30 10:32:29,072 INFO     PFRDA Completed Successfully
2026-06-30 10:32:29,072 INFO     ────────────────────────────────────────────────────────────
2026-06-30 10:32:29,073 INFO     Running NSDL
2026-06-30 10:32:35,878 INFO     NSDL Completed Successfully
2026-06-30 10:32:35,878 INFO     ────────────────────────────────────────────────────────────
2026-06-30 10:32:35,879 INFO     Running SEBI
2026-06-30 10:32:36,871 INFO     SEBI Completed Successfully
2026-06-30 10:32:36,871 INFO     ────────────────────────────────────────────────────────────
2026-06-30 10:32:36,871 INFO     Running IRDAI
2026-06-30 10:33:17,371 INFO     IRDAI Completed Successfully
2026-06-30 10:33:17,372 INFO     ────────────────────────────────────────────────────────────
2026-06-30 10:33:17,372 INFO     Summary
2026-06-30 10:33:17,372 INFO     
2026-06-30 10:33:17,373 INFO     Run completed in 103.5 seconds
2026-06-30 10:33:17,374 INFO     Downloads saved under: C:\ISEC\PDF_Downloader_Automation\downloads
2026-06-30 10:33:17,374 INFO     ════════════════════════════════════════════════════════════
2026-06-30 10:33:17,374 INFO     
2026-06-30 11:19:33,343 INFO     ════════════════════════════════════════════════════════════
2026-06-30 11:19:33,344 INFO     Scraping run started at 2026-06-30 11:19:33
2026-06-30 11:19:33,344 INFO     ════════════════════════════════════════════════════════════
2026-06-30 11:19:33,345 INFO     ────────────────────────────────────────────────────────────
2026-06-30 11:19:33,345 INFO     Running NSE
2026-06-30 11:19:35,745 INFO     NSE Completed Successfully
2026-06-30 11:19:35,746 INFO     ────────────────────────────────────────────────────────────
2026-06-30 11:19:35,746 INFO     Running BSE
2026-06-30 11:19:40,102 INFO     BSE Completed Successfully
2026-06-30 11:19:40,102 INFO     ────────────────────────────────────────────────────────────
2026-06-30 11:19:40,103 INFO     Running CDSL
2026-06-30 11:19:42,188 INFO     CDSL Completed Successfully
2026-06-30 11:19:42,189 INFO     ────────────────────────────────────────────────────────────
2026-06-30 11:19:42,189 INFO     Running AMFI
2026-06-30 11:19:42,968 INFO     AMFI Completed Successfully
2026-06-30 11:19:42,968 INFO     ────────────────────────────────────────────────────────────
2026-06-30 11:19:42,968 INFO     Running ARCL
2026-06-30 11:19:46,523 INFO     ARCL Completed Successfully
2026-06-30 11:19:46,523 INFO     ────────────────────────────────────────────────────────────
2026-06-30 11:19:46,523 INFO     Running CKYC
2026-06-30 11:19:47,336 INFO     CKYC Completed Successfully
2026-06-30 11:19:47,337 INFO     ────────────────────────────────────────────────────────────
2026-06-30 11:19:47,337 INFO     Running MCX
2026-06-30 11:19:49,231 INFO     MCX Completed Successfully
2026-06-30 11:19:49,231 INFO     ────────────────────────────────────────────────────────────
2026-06-30 11:19:49,232 INFO     Running APMI
2026-06-30 11:19:51,047 INFO     APMI Completed Successfully
2026-06-30 11:19:51,047 INFO     ────────────────────────────────────────────────────────────
2026-06-30 11:19:51,048 INFO     Running PFRDA
2026-06-30 11:20:23,340 INFO     PFRDA Completed Successfully
2026-06-30 11:20:23,341 INFO     ────────────────────────────────────────────────────────────
2026-06-30 11:20:23,341 INFO     Running NSDL
2026-06-30 11:20:32,272 INFO     NSDL Completed Successfully
2026-06-30 11:20:32,273 INFO     ────────────────────────────────────────────────────────────
2026-06-30 11:20:32,276 INFO     Running SEBI
2026-06-30 11:21:22,433 INFO     SEBI Completed Successfully
2026-06-30 11:21:22,433 INFO     ────────────────────────────────────────────────────────────
2026-06-30 11:21:22,434 INFO     Running IRDAI
2026-06-30 11:21:57,098 INFO     IRDAI Completed Successfully
2026-06-30 11:21:57,102 INFO     ────────────────────────────────────────────────────────────
2026-06-30 11:21:57,103 INFO     Summary
2026-06-30 11:21:57,104 INFO     
2026-06-30 11:21:57,104 INFO     Run completed in 143.8 seconds
2026-06-30 11:21:57,105 INFO     Downloads saved under: C:\ISEC\PDF_Downloader_Automation\downloads
2026-06-30 11:21:57,105 INFO     ════════════════════════════════════════════════════════════
2026-06-30 11:21:57,106 INFO     
2026-06-30 11:35:22,535 INFO     ════════════════════════════════════════════════════════════
2026-06-30 11:35:22,536 INFO     Scraping run started at 2026-06-30 11:35:22
2026-06-30 11:35:22,536 INFO     ════════════════════════════════════════════════════════════
2026-06-30 11:35:22,537 INFO     ────────────────────────────────────────────────────────────
2026-06-30 11:35:22,537 INFO     Running NSE
2026-06-30 11:35:23,843 INFO     NSE Completed Successfully
2026-06-30 11:35:23,844 INFO     ────────────────────────────────────────────────────────────
2026-06-30 11:35:23,844 INFO     Running BSE
2026-06-30 11:35:24,811 INFO     BSE Completed Successfully
2026-06-30 11:35:24,812 INFO     ────────────────────────────────────────────────────────────
2026-06-30 11:35:24,812 INFO     Running CDSL
2026-06-30 11:35:26,833 INFO     CDSL Completed Successfully
2026-06-30 11:35:26,833 INFO     ────────────────────────────────────────────────────────────
2026-06-30 11:35:26,833 INFO     Running AMFI
2026-06-30 11:35:27,658 INFO     AMFI Completed Successfully
2026-06-30 11:35:27,659 INFO     ────────────────────────────────────────────────────────────
2026-06-30 11:35:27,659 INFO     Running ARCL
2026-06-30 11:35:30,820 INFO     ARCL Completed Successfully
2026-06-30 11:35:30,820 INFO     ────────────────────────────────────────────────────────────
2026-06-30 11:35:30,820 INFO     Running CKYC
2026-06-30 11:35:31,601 INFO     CKYC Completed Successfully
2026-06-30 11:35:31,602 INFO     ────────────────────────────────────────────────────────────
2026-06-30 11:35:31,602 INFO     Running MCX
2026-06-30 11:35:33,218 INFO     MCX Completed Successfully
2026-06-30 11:35:33,218 INFO     ────────────────────────────────────────────────────────────
2026-06-30 11:35:33,219 INFO     Running APMI
2026-06-30 11:35:34,962 INFO     APMI Completed Successfully
2026-06-30 11:35:34,962 INFO     ────────────────────────────────────────────────────────────
2026-06-30 11:35:34,963 INFO     Running PFRDA
2026-06-30 11:36:07,562 INFO     PFRDA Completed Successfully
2026-06-30 11:36:07,562 INFO     ────────────────────────────────────────────────────────────
2026-06-30 11:36:07,563 INFO     Running NSDL
2026-06-30 11:36:16,501 INFO     NSDL Completed Successfully
2026-06-30 11:36:16,502 INFO     ────────────────────────────────────────────────────────────
2026-06-30 11:36:16,502 INFO     Running SEBI
2026-06-30 11:36:17,476 INFO     SEBI Completed Successfully
2026-06-30 11:36:17,476 INFO     ────────────────────────────────────────────────────────────
2026-06-30 11:36:17,477 INFO     Running IRDAI
2026-06-30 11:36:19,105 INFO     IRDAI Completed Successfully
2026-06-30 11:36:19,105 INFO     ────────────────────────────────────────────────────────────
2026-06-30 11:36:19,105 INFO     Summary
2026-06-30 11:36:19,106 INFO     
2026-06-30 11:36:19,106 INFO     Run completed in 56.6 seconds
2026-06-30 11:36:19,107 INFO     Downloads saved under: C:\ISEC\PDF_Downloader_Automation\downloads
2026-06-30 11:36:19,107 INFO     ════════════════════════════════════════════════════════════
2026-06-30 11:36:19,107 INFO     
2026-06-30 15:01:02,276 INFO     ════════════════════════════════════════════════════════════
2026-06-30 15:01:02,277 INFO     Scraping run started at 2026-06-30 15:01:02
2026-06-30 15:01:02,277 INFO     ════════════════════════════════════════════════════════════
2026-06-30 15:01:02,278 INFO     ────────────────────────────────────────────────────────────
2026-06-30 15:01:02,278 INFO     Running NSE
2026-06-30 15:01:06,865 INFO     NSE Completed Successfully
2026-06-30 15:01:06,865 INFO     ────────────────────────────────────────────────────────────
2026-06-30 15:01:06,866 INFO     Running BSE
2026-06-30 15:01:09,598 INFO     BSE Completed Successfully
2026-06-30 15:01:09,598 INFO     ────────────────────────────────────────────────────────────
2026-06-30 15:01:09,599 INFO     Running CDSL
2026-06-30 15:01:11,579 INFO     CDSL Completed Successfully
2026-06-30 15:01:11,579 INFO     ────────────────────────────────────────────────────────────
2026-06-30 15:01:11,580 INFO     Running AMFI
2026-06-30 15:01:12,511 INFO     AMFI Completed Successfully
2026-06-30 15:01:12,512 INFO     ────────────────────────────────────────────────────────────
2026-06-30 15:01:12,512 INFO     Running ARCL
2026-06-30 15:01:16,466 INFO     ARCL Completed Successfully
2026-06-30 15:01:16,466 INFO     ────────────────────────────────────────────────────────────
2026-06-30 15:01:16,466 INFO     Running CKYC
2026-06-30 15:01:17,605 INFO     CKYC Completed Successfully
2026-06-30 15:01:17,605 INFO     ────────────────────────────────────────────────────────────
2026-06-30 15:01:17,606 INFO     Running MCX
2026-06-30 15:01:22,039 INFO     MCX Completed Successfully
2026-06-30 15:01:22,039 INFO     ────────────────────────────────────────────────────────────
2026-06-30 15:01:22,039 INFO     Running APMI
2026-06-30 15:01:23,868 INFO     APMI Completed Successfully
2026-06-30 15:01:23,869 INFO     ────────────────────────────────────────────────────────────
2026-06-30 15:01:23,869 INFO     Running PFRDA
2026-06-30 15:02:11,941 INFO     PFRDA Completed Successfully
2026-06-30 15:02:11,941 INFO     ────────────────────────────────────────────────────────────
2026-06-30 15:02:11,942 INFO     Running NSDL
2026-06-30 15:02:17,799 INFO     NSDL Completed Successfully
2026-06-30 15:02:17,800 INFO     ────────────────────────────────────────────────────────────
2026-06-30 15:02:17,800 INFO     Running SEBI
2026-06-30 15:02:19,825 INFO     SEBI Completed Successfully
2026-06-30 15:02:19,826 INFO     ────────────────────────────────────────────────────────────
2026-06-30 15:02:19,826 INFO     Running IRDAI
2026-06-30 15:02:23,622 INFO     IRDAI Completed Successfully
2026-06-30 15:02:23,623 INFO     ────────────────────────────────────────────────────────────
2026-06-30 15:02:23,623 INFO     Summary
2026-06-30 15:02:23,623 INFO     
2026-06-30 15:02:23,624 INFO     Run completed in 81.3 seconds
2026-06-30 15:02:23,625 INFO     Downloads saved under: C:\ISEC\PDF_Downloader_Automation\downloads
2026-06-30 15:02:23,625 INFO     ════════════════════════════════════════════════════════════
2026-06-30 15:02:23,625 INFO     
2026-06-30 15:32:30,994 INFO     ════════════════════════════════════════════════════════════
2026-06-30 15:32:30,994 INFO     Scraping run started at 2026-06-30 15:32:30
2026-06-30 15:32:30,995 INFO     ════════════════════════════════════════════════════════════
2026-06-30 15:32:30,995 INFO     ────────────────────────────────────────────────────────────
2026-06-30 15:32:30,996 INFO     Running NSE
2026-06-30 15:32:33,915 INFO     NSE Completed Successfully
2026-06-30 15:32:33,916 INFO     ────────────────────────────────────────────────────────────
2026-06-30 15:32:33,916 INFO     Running BSE
2026-06-30 15:32:36,443 INFO     BSE Completed Successfully
2026-06-30 15:32:36,443 INFO     ────────────────────────────────────────────────────────────
2026-06-30 15:32:36,444 INFO     Running CDSL
2026-06-30 15:32:38,394 INFO     CDSL Completed Successfully
2026-06-30 15:32:38,394 INFO     ────────────────────────────────────────────────────────────
2026-06-30 15:32:38,394 INFO     Running AMFI
2026-06-30 15:32:39,217 INFO     AMFI Completed Successfully
2026-06-30 15:32:39,217 INFO     ────────────────────────────────────────────────────────────
2026-06-30 15:32:39,217 INFO     Running ARCL
2026-06-30 15:32:42,194 INFO     ARCL Completed Successfully
2026-06-30 15:32:42,194 INFO     ────────────────────────────────────────────────────────────
2026-06-30 15:32:42,194 INFO     Running CKYC
2026-06-30 15:32:43,392 INFO     CKYC Completed Successfully
2026-06-30 15:32:43,392 INFO     ────────────────────────────────────────────────────────────
2026-06-30 15:32:43,393 INFO     Running MCX
2026-06-30 15:32:45,088 INFO     MCX Completed Successfully
2026-06-30 15:32:45,088 INFO     ────────────────────────────────────────────────────────────
2026-06-30 15:32:45,088 INFO     Running APMI
2026-06-30 15:32:46,367 ERROR    APMI Failed
Traceback (most recent call last):
  File "C:\Users\admin\AppData\Local\Programs\Python\Python314\Lib\site-packages\mysql\connector\connection_cext.py", line 354, in _open_connection
    self._cmysql.connect(**cnx_kwargs)
    ~~~~~~~~~~~~~~~~~~~~^^^^^^^^^^^^^^
_mysql_connector.MySQLInterfaceError: Access denied for user 'developer'@'localhost' (using password: YES)

The above exception was the direct cause of the following exception:

Traceback (most recent call last):
  File "C:\ISEC\PDF_Downloader_Automation\main.py", line 53, in run_website
    function()
    ~~~~~~~~^^
  File "C:\ISEC\PDF_Downloader_Automation\extractors\apmi.py", line 108, in scrape_apmi
    if pdf_exists("APMI", filename):
       ~~~~~~~~~~^^^^^^^^^^^^^^^^^^
  File "C:\ISEC\PDF_Downloader_Automation\extractors\db.py", line 15, in pdf_exists
    conn = get_connection()
  File "C:\ISEC\PDF_Downloader_Automation\extractors\db.py", line 6, in get_connection
    return mysql.connector.connect(
           ~~~~~~~~~~~~~~~~~~~~~~~^
        host="localhost",
        ^^^^^^^^^^^^^^^^^
    ...<2 lines>...
        database="file_downloader"
        ^^^^^^^^^^^^^^^^^^^^^^^^^^
    )
    ^
  File "C:\Users\admin\AppData\Local\Programs\Python\Python314\Lib\site-packages\mysql\connector\pooling.py", line 322, in connect
    return CMySQLConnection(*args, **kwargs)
  File "C:\Users\admin\AppData\Local\Programs\Python\Python314\Lib\site-packages\mysql\connector\connection_cext.py", line 142, in __init__
    self.connect(**kwargs)
    ~~~~~~~~~~~~^^^^^^^^^^
  File "C:\Users\admin\AppData\Local\Programs\Python\Python314\Lib\site-packages\mysql\connector\abstracts.py", line 1604, in connect
    self._open_connection()
    ~~~~~~~~~~~~~~~~~~~~~^^
  File "C:\Users\admin\AppData\Local\Programs\Python\Python314\Lib\site-packages\mysql\connector\connection_cext.py", line 360, in _open_connection
    raise get_mysql_exception(
        err.errno, msg=err.msg, sqlstate=err.sqlstate
    ) from err
mysql.connector.errors.ProgrammingError: 1045 (28000): Access denied for user 'developer'@'localhost' (using password: YES)
2026-06-30 15:32:46,377 INFO     ────────────────────────────────────────────────────────────
2026-06-30 15:32:46,377 INFO     Running PFRDA
2026-06-30 15:33:17,754 INFO     PFRDA Completed Successfully
2026-06-30 15:33:17,755 INFO     ────────────────────────────────────────────────────────────
2026-06-30 15:33:17,755 INFO     Running NSDL
2026-06-30 15:33:24,025 INFO     NSDL Completed Successfully
2026-06-30 15:33:24,026 INFO     ────────────────────────────────────────────────────────────
2026-06-30 15:33:24,026 INFO     Running SEBI
2026-06-30 15:33:25,131 INFO     SEBI Completed Successfully
2026-06-30 15:33:25,132 INFO     ────────────────────────────────────────────────────────────
2026-06-30 15:33:25,132 INFO     Running IRDAI
2026-06-30 15:33:26,742 INFO     IRDAI Completed Successfully
2026-06-30 15:33:26,742 INFO     ────────────────────────────────────────────────────────────
2026-06-30 15:33:26,742 INFO     Summary
2026-06-30 15:33:26,743 INFO     
2026-06-30 15:33:26,744 INFO     Run completed in 55.7 seconds
2026-06-30 15:33:26,745 INFO     Downloads saved under: C:\ISEC\PDF_Downloader_Automation\downloads
2026-06-30 15:33:26,745 INFO     ════════════════════════════════════════════════════════════
2026-06-30 15:33:26,746 INFO     
2026-06-30 15:34:52,057 INFO     ════════════════════════════════════════════════════════════
2026-06-30 15:34:52,058 INFO     Scraping run started at 2026-06-30 15:34:52
2026-06-30 15:34:52,058 INFO     ════════════════════════════════════════════════════════════
2026-06-30 15:34:52,059 INFO     ────────────────────────────────────────────────────────────
2026-06-30 15:34:52,059 INFO     Running NSE
2026-06-30 15:34:53,142 INFO     NSE Completed Successfully
2026-06-30 15:34:53,142 INFO     ────────────────────────────────────────────────────────────
2026-06-30 15:34:53,143 INFO     Running BSE
2026-06-30 15:34:55,101 INFO     BSE Completed Successfully
2026-06-30 15:34:55,101 INFO     ────────────────────────────────────────────────────────────
2026-06-30 15:34:55,102 INFO     Running CDSL
2026-06-30 15:34:57,103 INFO     CDSL Completed Successfully
2026-06-30 15:34:57,104 INFO     ────────────────────────────────────────────────────────────
2026-06-30 15:34:57,104 INFO     Running AMFI
2026-06-30 15:34:58,097 INFO     AMFI Completed Successfully
2026-06-30 15:34:58,097 INFO     ────────────────────────────────────────────────────────────
2026-06-30 15:34:58,097 INFO     Running ARCL
2026-06-30 15:35:01,144 INFO     ARCL Completed Successfully
2026-06-30 15:35:01,145 INFO     ────────────────────────────────────────────────────────────
2026-06-30 15:35:01,145 INFO     Running CKYC
2026-06-30 15:35:02,042 INFO     CKYC Completed Successfully
2026-06-30 15:35:02,042 INFO     ────────────────────────────────────────────────────────────
2026-06-30 15:35:02,043 INFO     Running MCX
2026-06-30 15:35:03,947 INFO     MCX Completed Successfully
2026-06-30 15:35:03,947 INFO     ────────────────────────────────────────────────────────────
2026-06-30 15:35:03,947 INFO     Running APMI
2026-06-30 15:35:18,651 INFO     APMI Completed Successfully
2026-06-30 15:35:18,651 INFO     ────────────────────────────────────────────────────────────
2026-06-30 15:35:18,652 INFO     Running PFRDA
2026-06-30 15:35:53,242 INFO     PFRDA Completed Successfully
2026-06-30 15:35:53,242 INFO     ────────────────────────────────────────────────────────────
2026-06-30 15:35:53,243 INFO     Running NSDL
2026-06-30 15:35:59,202 INFO     NSDL Completed Successfully
2026-06-30 15:35:59,203 INFO     ────────────────────────────────────────────────────────────
2026-06-30 15:35:59,203 INFO     Running SEBI
2026-06-30 15:36:00,478 INFO     SEBI Completed Successfully
2026-06-30 15:36:00,478 INFO     ────────────────────────────────────────────────────────────
2026-06-30 15:36:00,479 INFO     Running IRDAI
2026-06-30 15:36:02,147 INFO     IRDAI Completed Successfully
2026-06-30 15:36:02,147 INFO     ────────────────────────────────────────────────────────────
2026-06-30 15:36:02,148 INFO     Summary
2026-06-30 15:36:02,148 INFO     
2026-06-30 15:36:02,148 INFO     Run completed in 70.1 seconds
2026-06-30 15:36:02,149 INFO     Downloads saved under: C:\ISEC\PDF_Downloader_Automation\downloads
2026-06-30 15:36:02,150 INFO     ════════════════════════════════════════════════════════════
2026-06-30 15:36:02,150 INFO     
2026-06-30 15:36:47,472 INFO     ════════════════════════════════════════════════════════════
2026-06-30 15:36:47,472 INFO     Scraping run started at 2026-06-30 15:36:47
2026-06-30 15:36:47,473 INFO     ════════════════════════════════════════════════════════════
2026-06-30 15:36:47,473 INFO     ────────────────────────────────────────────────────────────
2026-06-30 15:36:47,474 INFO     Running APMI
2026-06-30 15:37:03,398 INFO     APMI Completed Successfully
2026-06-30 15:37:03,399 INFO     ────────────────────────────────────────────────────────────
2026-06-30 15:37:03,399 INFO     Summary
2026-06-30 15:37:03,399 INFO     
2026-06-30 15:37:03,400 INFO     Run completed in 15.9 seconds
2026-06-30 15:37:03,401 INFO     Downloads saved under: C:\ISEC\PDF_Downloader_Automation\downloads
2026-06-30 15:37:03,401 INFO     ════════════════════════════════════════════════════════════
2026-06-30 15:37:03,402 INFO     
2026-06-30 15:58:46,694 INFO     ════════════════════════════════════════════════════════════
2026-06-30 15:58:46,694 INFO     Scraping run started at 2026-06-30 15:58:46
2026-06-30 15:58:46,694 INFO     ════════════════════════════════════════════════════════════
2026-06-30 15:58:46,695 INFO     ────────────────────────────────────────────────────────────
2026-06-30 15:58:46,695 INFO     Running AMFI
2026-06-30 15:58:46,697 ERROR    AMFI Failed
Traceback (most recent call last):
  File "C:\ISEC\PDF_Downloader_Automation\main.py", line 53, in run_website
    function()
    ~~~~~~~~^^
  File "C:\ISEC\PDF_Downloader_Automation\extractors\amfi.py", line 94, in download_amfi
    soup = get_page(
        AMFI_URL,
        log,
        headers=HEADERS,
    )
TypeError: get_page() got an unexpected keyword argument 'headers'
2026-06-30 15:58:46,699 INFO     ────────────────────────────────────────────────────────────
2026-06-30 15:58:46,700 INFO     Summary
2026-06-30 15:58:46,700 INFO     
2026-06-30 15:58:46,700 INFO     Run completed in 0.0 seconds
2026-06-30 15:58:46,701 INFO     Downloads saved under: C:\ISEC\PDF_Downloader_Automation\downloads
2026-06-30 15:58:46,702 INFO     ════════════════════════════════════════════════════════════
2026-06-30 15:58:46,702 INFO     
2026-06-30 16:00:36,249 INFO     ════════════════════════════════════════════════════════════
2026-06-30 16:00:36,250 INFO     Scraping run started at 2026-06-30 16:00:36
2026-06-30 16:00:36,251 INFO     ════════════════════════════════════════════════════════════
2026-06-30 16:00:36,251 INFO     ────────────────────────────────────────────────────────────
2026-06-30 16:00:36,252 INFO     Running AMFI
2026-06-30 16:01:46,899 INFO     AMFI Completed Successfully
2026-06-30 16:01:46,900 INFO     ────────────────────────────────────────────────────────────
2026-06-30 16:01:46,900 INFO     Summary
2026-06-30 16:01:46,900 INFO     
2026-06-30 16:01:46,901 INFO     Run completed in 70.7 seconds
2026-06-30 16:01:46,903 INFO     Downloads saved under: C:\ISEC\PDF_Downloader_Automation\downloads
2026-06-30 16:01:46,904 INFO     ════════════════════════════════════════════════════════════
2026-06-30 16:01:46,905 INFO     
2026-07-01 10:23:42,397 INFO     ════════════════════════════════════════════════════════════
2026-07-01 10:23:42,398 INFO     Scraping run started at 2026-07-01 10:23:42
2026-07-01 10:23:42,398 INFO     ════════════════════════════════════════════════════════════
2026-07-01 10:23:42,399 INFO     ────────────────────────────────────────────────────────────
2026-07-01 10:23:42,399 INFO     Running NSE
2026-07-01 10:23:43,874 INFO     NSE Completed Successfully
2026-07-01 10:23:43,874 INFO     ────────────────────────────────────────────────────────────
2026-07-01 10:23:43,875 INFO     Running BSE
2026-07-01 10:23:46,673 INFO     BSE Completed Successfully
2026-07-01 10:23:46,674 INFO     ────────────────────────────────────────────────────────────
2026-07-01 10:23:46,674 INFO     Running CDSL
2026-07-01 10:23:48,649 INFO     CDSL Completed Successfully
2026-07-01 10:23:48,649 INFO     ────────────────────────────────────────────────────────────
2026-07-01 10:23:48,649 INFO     Running AMFI
2026-07-01 10:24:10,728 ERROR    AMFI Failed
Traceback (most recent call last):
  File "C:\Users\admin\AppData\Local\Programs\Python\Python314\Lib\site-packages\mysql\connector\connection_cext.py", line 354, in _open_connection
    self._cmysql.connect(**cnx_kwargs)
    ~~~~~~~~~~~~~~~~~~~~^^^^^^^^^^^^^^
_mysql_connector.MySQLInterfaceError: Can't connect to MySQL server on '192.168.137.81:3306' (10060)

The above exception was the direct cause of the following exception:

Traceback (most recent call last):
  File "C:\ISEC\PDF_Downloader_Automation\main.py", line 53, in run_website
    function()
    ~~~~~~~~^^
  File "C:\ISEC\PDF_Downloader_Automation\extractors\amfi.py", line 126, in download_amfi
    if pdf_exists("AMFI", filename):
       ~~~~~~~~~~^^^^^^^^^^^^^^^^^^
  File "C:\ISEC\PDF_Downloader_Automation\extractors\db.py", line 15, in pdf_exists
    conn = get_connection()
  File "C:\ISEC\PDF_Downloader_Automation\extractors\db.py", line 6, in get_connection
    return mysql.connector.connect(
           ~~~~~~~~~~~~~~~~~~~~~~~^
        host="192.168.137.81",
        ^^^^^^^^^^^^^^^^^^^^^^
    ...<2 lines>...
        database="file_downloader"
        ^^^^^^^^^^^^^^^^^^^^^^^^^^
    )
    ^
  File "C:\Users\admin\AppData\Local\Programs\Python\Python314\Lib\site-packages\mysql\connector\pooling.py", line 322, in connect
    return CMySQLConnection(*args, **kwargs)
  File "C:\Users\admin\AppData\Local\Programs\Python\Python314\Lib\site-packages\mysql\connector\connection_cext.py", line 142, in __init__
    self.connect(**kwargs)
    ~~~~~~~~~~~~^^^^^^^^^^
  File "C:\Users\admin\AppData\Local\Programs\Python\Python314\Lib\site-packages\mysql\connector\abstracts.py", line 1604, in connect
    self._open_connection()
    ~~~~~~~~~~~~~~~~~~~~~^^
  File "C:\Users\admin\AppData\Local\Programs\Python\Python314\Lib\site-packages\mysql\connector\connection_cext.py", line 360, in _open_connection
    raise get_mysql_exception(
        err.errno, msg=err.msg, sqlstate=err.sqlstate
    ) from err
mysql.connector.errors.DatabaseError: 2003 (HY000): Can't connect to MySQL server on '192.168.137.81:3306' (10060)
2026-07-01 10:24:10,741 INFO     ────────────────────────────────────────────────────────────
2026-07-01 10:24:10,741 INFO     Running ARCL
2026-07-01 10:24:15,200 INFO     ARCL Completed Successfully
2026-07-01 10:24:15,200 INFO     ────────────────────────────────────────────────────────────
2026-07-01 10:24:15,200 INFO     Running CKYC
2026-07-01 10:24:16,326 INFO     CKYC Completed Successfully
2026-07-01 10:24:16,327 INFO     ────────────────────────────────────────────────────────────
2026-07-01 10:24:16,327 INFO     Running MCX
2026-07-01 10:24:18,035 INFO     MCX Completed Successfully
2026-07-01 10:24:18,036 INFO     ────────────────────────────────────────────────────────────
2026-07-01 10:24:18,036 INFO     Running APMI
2026-07-01 10:24:40,283 ERROR    APMI Failed
Traceback (most recent call last):
  File "C:\Users\admin\AppData\Local\Programs\Python\Python314\Lib\site-packages\mysql\connector\connection_cext.py", line 354, in _open_connection
    self._cmysql.connect(**cnx_kwargs)
    ~~~~~~~~~~~~~~~~~~~~^^^^^^^^^^^^^^
_mysql_connector.MySQLInterfaceError: Can't connect to MySQL server on '192.168.137.81:3306' (10060)

The above exception was the direct cause of the following exception:

Traceback (most recent call last):
  File "C:\ISEC\PDF_Downloader_Automation\main.py", line 53, in run_website
    function()
    ~~~~~~~~^^
  File "C:\ISEC\PDF_Downloader_Automation\extractors\apmi.py", line 108, in scrape_apmi
    if pdf_exists("APMI", filename):
       ~~~~~~~~~~^^^^^^^^^^^^^^^^^^
  File "C:\ISEC\PDF_Downloader_Automation\extractors\db.py", line 15, in pdf_exists
    conn = get_connection()
  File "C:\ISEC\PDF_Downloader_Automation\extractors\db.py", line 6, in get_connection
    return mysql.connector.connect(
           ~~~~~~~~~~~~~~~~~~~~~~~^
        host="192.168.137.81",
        ^^^^^^^^^^^^^^^^^^^^^^
    ...<2 lines>...
        database="file_downloader"
        ^^^^^^^^^^^^^^^^^^^^^^^^^^
    )
    ^
  File "C:\Users\admin\AppData\Local\Programs\Python\Python314\Lib\site-packages\mysql\connector\pooling.py", line 322, in connect
    return CMySQLConnection(*args, **kwargs)
  File "C:\Users\admin\AppData\Local\Programs\Python\Python314\Lib\site-packages\mysql\connector\connection_cext.py", line 142, in __init__
    self.connect(**kwargs)
    ~~~~~~~~~~~~^^^^^^^^^^
  File "C:\Users\admin\AppData\Local\Programs\Python\Python314\Lib\site-packages\mysql\connector\abstracts.py", line 1604, in connect
    self._open_connection()
    ~~~~~~~~~~~~~~~~~~~~~^^
  File "C:\Users\admin\AppData\Local\Programs\Python\Python314\Lib\site-packages\mysql\connector\connection_cext.py", line 360, in _open_connection
    raise get_mysql_exception(
        err.errno, msg=err.msg, sqlstate=err.sqlstate
    ) from err
mysql.connector.errors.DatabaseError: 2003 (HY000): Can't connect to MySQL server on '192.168.137.81:3306' (10060)
2026-07-01 10:24:40,292 INFO     ────────────────────────────────────────────────────────────
2026-07-01 10:24:40,293 INFO     Running PFRDA
2026-07-01 10:25:17,210 INFO     PFRDA Completed Successfully
2026-07-01 10:25:17,210 INFO     ────────────────────────────────────────────────────────────
2026-07-01 10:25:17,210 INFO     Running NSDL
2026-07-01 10:25:18,284 INFO     NSDL Completed Successfully
2026-07-01 10:25:18,284 INFO     ────────────────────────────────────────────────────────────
2026-07-01 10:25:18,284 INFO     Running SEBI
2026-07-01 10:25:19,279 INFO     SEBI Completed Successfully
2026-07-01 10:25:19,279 INFO     ────────────────────────────────────────────────────────────
2026-07-01 10:25:19,279 INFO     Running IRDAI
2026-07-01 10:25:22,866 INFO     IRDAI Completed Successfully
2026-07-01 10:25:22,867 INFO     ────────────────────────────────────────────────────────────
2026-07-01 10:25:22,867 INFO     Summary
2026-07-01 10:25:22,867 INFO     
2026-07-01 10:25:22,868 INFO     Run completed in 100.5 seconds
2026-07-01 10:25:22,869 INFO     Downloads saved under: C:\ISEC\PDF_Downloader_Automation\downloads
2026-07-01 10:25:22,869 INFO     ════════════════════════════════════════════════════════════
2026-07-01 10:25:22,870 INFO     
2026-07-01 10:33:35,808 INFO     ════════════════════════════════════════════════════════════
2026-07-01 10:33:35,809 INFO     Scraping run started at 2026-07-01 10:33:35
2026-07-01 10:33:35,810 INFO     ════════════════════════════════════════════════════════════
2026-07-01 10:33:35,810 INFO     ────────────────────────────────────────────────────────────
2026-07-01 10:33:35,811 INFO     Running NSE
2026-07-01 10:33:36,982 INFO     NSE Completed Successfully
2026-07-01 10:33:36,982 INFO     ────────────────────────────────────────────────────────────
2026-07-01 10:33:36,983 INFO     Running BSE
2026-07-01 10:33:38,332 INFO     BSE Completed Successfully
2026-07-01 10:33:38,332 INFO     ────────────────────────────────────────────────────────────
2026-07-01 10:33:38,332 INFO     Running CDSL
2026-07-01 10:33:40,287 INFO     CDSL Completed Successfully
2026-07-01 10:33:40,287 INFO     ────────────────────────────────────────────────────────────
2026-07-01 10:33:40,287 INFO     Running AMFI
2026-07-01 10:34:11,944 ERROR    AMFI Failed
Traceback (most recent call last):
  File "C:\Users\admin\AppData\Local\Programs\Python\Python314\Lib\site-packages\mysql\connector\connection_cext.py", line 354, in _open_connection
    self._cmysql.connect(**cnx_kwargs)
    ~~~~~~~~~~~~~~~~~~~~^^^^^^^^^^^^^^
_mysql_connector.MySQLInterfaceError: Can't connect to MySQL server on '192.168.137.81:3306' (10060)

The above exception was the direct cause of the following exception:

Traceback (most recent call last):
  File "C:\ISEC\PDF_Downloader_Automation\main.py", line 53, in run_website
    function()
    ~~~~~~~~^^
  File "C:\ISEC\PDF_Downloader_Automation\extractors\amfi.py", line 126, in download_amfi
    if pdf_exists("AMFI", filename):
       ~~~~~~~~~~^^^^^^^^^^^^^^^^^^
  File "C:\ISEC\PDF_Downloader_Automation\extractors\db.py", line 15, in pdf_exists
    conn = get_connection()
  File "C:\ISEC\PDF_Downloader_Automation\extractors\db.py", line 6, in get_connection
    return mysql.connector.connect(
           ~~~~~~~~~~~~~~~~~~~~~~~^
        host="192.168.137.81",
        ^^^^^^^^^^^^^^^^^^^^^^
    ...<2 lines>...
        database="file_downloader"
        ^^^^^^^^^^^^^^^^^^^^^^^^^^
    )
    ^
  File "C:\Users\admin\AppData\Local\Programs\Python\Python314\Lib\site-packages\mysql\connector\pooling.py", line 322, in connect
    return CMySQLConnection(*args, **kwargs)
  File "C:\Users\admin\AppData\Local\Programs\Python\Python314\Lib\site-packages\mysql\connector\connection_cext.py", line 142, in __init__
    self.connect(**kwargs)
    ~~~~~~~~~~~~^^^^^^^^^^
  File "C:\Users\admin\AppData\Local\Programs\Python\Python314\Lib\site-packages\mysql\connector\abstracts.py", line 1604, in connect
    self._open_connection()
    ~~~~~~~~~~~~~~~~~~~~~^^
  File "C:\Users\admin\AppData\Local\Programs\Python\Python314\Lib\site-packages\mysql\connector\connection_cext.py", line 360, in _open_connection
    raise get_mysql_exception(
        err.errno, msg=err.msg, sqlstate=err.sqlstate
    ) from err
mysql.connector.errors.DatabaseError: 2003 (HY000): Can't connect to MySQL server on '192.168.137.81:3306' (10060)
2026-07-01 10:34:11,956 INFO     ────────────────────────────────────────────────────────────
2026-07-01 10:34:11,957 INFO     Running ARCL
2026-07-01 10:34:17,903 INFO     ARCL Completed Successfully
2026-07-01 10:34:17,903 INFO     ────────────────────────────────────────────────────────────
2026-07-01 10:34:17,903 INFO     Running CKYC
2026-07-01 10:34:18,904 INFO     CKYC Completed Successfully
2026-07-01 10:34:18,904 INFO     ────────────────────────────────────────────────────────────
2026-07-01 10:34:18,904 INFO     Running MCX
2026-07-01 10:34:20,446 INFO     MCX Completed Successfully
2026-07-01 10:34:20,446 INFO     ────────────────────────────────────────────────────────────
2026-07-01 10:34:20,446 INFO     Running APMI
2026-07-01 10:34:43,032 ERROR    APMI Failed
Traceback (most recent call last):
  File "C:\Users\admin\AppData\Local\Programs\Python\Python314\Lib\site-packages\mysql\connector\connection_cext.py", line 354, in _open_connection
    self._cmysql.connect(**cnx_kwargs)
    ~~~~~~~~~~~~~~~~~~~~^^^^^^^^^^^^^^
_mysql_connector.MySQLInterfaceError: Can't connect to MySQL server on '192.168.137.81:3306' (10060)

The above exception was the direct cause of the following exception:

Traceback (most recent call last):
  File "C:\ISEC\PDF_Downloader_Automation\main.py", line 53, in run_website
    function()
    ~~~~~~~~^^
  File "C:\ISEC\PDF_Downloader_Automation\extractors\apmi.py", line 108, in scrape_apmi
    if pdf_exists("APMI", filename):
       ~~~~~~~~~~^^^^^^^^^^^^^^^^^^
  File "C:\ISEC\PDF_Downloader_Automation\extractors\db.py", line 15, in pdf_exists
    conn = get_connection()
  File "C:\ISEC\PDF_Downloader_Automation\extractors\db.py", line 6, in get_connection
    return mysql.connector.connect(
           ~~~~~~~~~~~~~~~~~~~~~~~^
        host="192.168.137.81",
        ^^^^^^^^^^^^^^^^^^^^^^
    ...<2 lines>...
        database="file_downloader"
        ^^^^^^^^^^^^^^^^^^^^^^^^^^
    )
    ^
  File "C:\Users\admin\AppData\Local\Programs\Python\Python314\Lib\site-packages\mysql\connector\pooling.py", line 322, in connect
    return CMySQLConnection(*args, **kwargs)
  File "C:\Users\admin\AppData\Local\Programs\Python\Python314\Lib\site-packages\mysql\connector\connection_cext.py", line 142, in __init__
    self.connect(**kwargs)
    ~~~~~~~~~~~~^^^^^^^^^^
  File "C:\Users\admin\AppData\Local\Programs\Python\Python314\Lib\site-packages\mysql\connector\abstracts.py", line 1604, in connect
    self._open_connection()
    ~~~~~~~~~~~~~~~~~~~~~^^
  File "C:\Users\admin\AppData\Local\Programs\Python\Python314\Lib\site-packages\mysql\connector\connection_cext.py", line 360, in _open_connection
    raise get_mysql_exception(
        err.errno, msg=err.msg, sqlstate=err.sqlstate
    ) from err
mysql.connector.errors.DatabaseError: 2003 (HY000): Can't connect to MySQL server on '192.168.137.81:3306' (10060)
2026-07-01 10:34:43,040 INFO     ────────────────────────────────────────────────────────────
2026-07-01 10:34:43,041 INFO     Running PFRDA
2026-07-01 10:35:15,874 INFO     PFRDA Completed Successfully
2026-07-01 10:35:15,875 INFO     ────────────────────────────────────────────────────────────
2026-07-01 10:35:15,875 INFO     Running NSDL
2026-07-01 10:35:17,901 INFO     NSDL Completed Successfully
2026-07-01 10:35:17,902 INFO     ────────────────────────────────────────────────────────────
2026-07-01 10:35:17,902 INFO     Running SEBI
2026-07-01 10:35:18,913 INFO     SEBI Completed Successfully
2026-07-01 10:35:18,914 INFO     ────────────────────────────────────────────────────────────
2026-07-01 10:35:18,914 INFO     Running IRDAI
2026-07-01 10:35:20,200 INFO     IRDAI Completed Successfully
2026-07-01 10:35:20,201 INFO     ────────────────────────────────────────────────────────────
2026-07-01 10:35:20,201 INFO     Summary
2026-07-01 10:35:20,202 INFO     
2026-07-01 10:35:20,202 INFO     Run completed in 104.4 seconds
2026-07-01 10:35:20,203 INFO     Downloads saved under: C:\ISEC\PDF_Downloader_Automation\downloads
2026-07-01 10:35:20,203 INFO     ════════════════════════════════════════════════════════════
2026-07-01 10:35:20,204 INFO     
2026-07-01 10:49:04,539 INFO     ════════════════════════════════════════════════════════════
2026-07-01 10:49:04,540 INFO     Scraping run started at 2026-07-01 10:49:04
2026-07-01 10:49:04,540 INFO     ════════════════════════════════════════════════════════════
2026-07-01 10:49:04,540 INFO     ────────────────────────────────────────────────────────────
2026-07-01 10:49:04,541 INFO     Running CDSL
2026-07-01 10:49:06,525 INFO     CDSL Completed Successfully
2026-07-01 10:49:06,526 INFO     ────────────────────────────────────────────────────────────
2026-07-01 10:49:06,526 INFO     Summary
2026-07-01 10:49:06,526 INFO     
2026-07-01 10:49:06,526 INFO     Run completed in 2.0 seconds
2026-07-01 10:49:06,527 INFO     Downloads saved under: C:\ISEC\PDF_Downloader_Automation\downloads
2026-07-01 10:49:06,528 INFO     ════════════════════════════════════════════════════════════
2026-07-01 10:49:06,528 INFO     
2026-07-01 10:59:05,688 INFO     ════════════════════════════════════════════════════════════
2026-07-01 10:59:05,688 INFO     Scraping run started at 2026-07-01 10:59:05
2026-07-01 10:59:05,689 INFO     ════════════════════════════════════════════════════════════
2026-07-01 10:59:05,689 INFO     ────────────────────────────────────────────────────────────
2026-07-01 10:59:05,689 INFO     Running CDSL
2026-07-01 10:59:07,647 INFO     CDSL Completed Successfully
2026-07-01 10:59:07,647 INFO     ────────────────────────────────────────────────────────────
2026-07-01 10:59:07,648 INFO     Summary
2026-07-01 10:59:07,648 INFO     
2026-07-01 10:59:07,648 INFO     Run completed in 2.0 seconds
2026-07-01 10:59:07,650 INFO     Downloads saved under: C:\ISEC\PDF_Downloader_Automation\downloads
2026-07-01 10:59:07,650 INFO     ════════════════════════════════════════════════════════════
2026-07-01 10:59:07,651 INFO     
2026-07-01 10:59:55,240 INFO     ════════════════════════════════════════════════════════════
2026-07-01 10:59:55,241 INFO     Scraping run started at 2026-07-01 10:59:55
2026-07-01 10:59:55,242 INFO     ════════════════════════════════════════════════════════════
2026-07-01 10:59:55,242 INFO     ────────────────────────────────────────────────────────────
2026-07-01 10:59:55,243 INFO     Running NSE
2026-07-01 10:59:56,498 INFO     NSE Completed Successfully
2026-07-01 10:59:56,498 INFO     ────────────────────────────────────────────────────────────
2026-07-01 10:59:56,499 INFO     Running BSE
2026-07-01 10:59:58,353 INFO     BSE Completed Successfully
2026-07-01 10:59:58,353 INFO     ────────────────────────────────────────────────────────────
2026-07-01 10:59:58,354 INFO     Running CDSL
2026-07-01 11:00:00,169 INFO     CDSL Completed Successfully
2026-07-01 11:00:00,169 INFO     ────────────────────────────────────────────────────────────
2026-07-01 11:00:00,169 INFO     Running AMFI
2026-07-01 11:00:22,229 ERROR    AMFI Failed
Traceback (most recent call last):
  File "C:\Users\admin\AppData\Local\Programs\Python\Python314\Lib\site-packages\mysql\connector\connection_cext.py", line 354, in _open_connection
    self._cmysql.connect(**cnx_kwargs)
    ~~~~~~~~~~~~~~~~~~~~^^^^^^^^^^^^^^
_mysql_connector.MySQLInterfaceError: Can't connect to MySQL server on '192.168.137.81:3306' (10060)

The above exception was the direct cause of the following exception:

Traceback (most recent call last):
  File "C:\ISEC\PDF_Downloader_Automation\main.py", line 53, in run_website
    function()
    ~~~~~~~~^^
  File "C:\ISEC\PDF_Downloader_Automation\extractors\amfi.py", line 126, in download_amfi
    if pdf_exists("AMFI", filename):
       ~~~~~~~~~~^^^^^^^^^^^^^^^^^^
  File "C:\ISEC\PDF_Downloader_Automation\extractors\db.py", line 15, in pdf_exists
    conn = get_connection()
  File "C:\ISEC\PDF_Downloader_Automation\extractors\db.py", line 6, in get_connection
    return mysql.connector.connect(
           ~~~~~~~~~~~~~~~~~~~~~~~^
        host="192.168.137.81",
        ^^^^^^^^^^^^^^^^^^^^^^
    ...<2 lines>...
        database="file_downloader"
        ^^^^^^^^^^^^^^^^^^^^^^^^^^
    )
    ^
  File "C:\Users\admin\AppData\Local\Programs\Python\Python314\Lib\site-packages\mysql\connector\pooling.py", line 322, in connect
    return CMySQLConnection(*args, **kwargs)
  File "C:\Users\admin\AppData\Local\Programs\Python\Python314\Lib\site-packages\mysql\connector\connection_cext.py", line 142, in __init__
    self.connect(**kwargs)
    ~~~~~~~~~~~~^^^^^^^^^^
  File "C:\Users\admin\AppData\Local\Programs\Python\Python314\Lib\site-packages\mysql\connector\abstracts.py", line 1604, in connect
    self._open_connection()
    ~~~~~~~~~~~~~~~~~~~~~^^
  File "C:\Users\admin\AppData\Local\Programs\Python\Python314\Lib\site-packages\mysql\connector\connection_cext.py", line 360, in _open_connection
    raise get_mysql_exception(
        err.errno, msg=err.msg, sqlstate=err.sqlstate
    ) from err
mysql.connector.errors.DatabaseError: 2003 (HY000): Can't connect to MySQL server on '192.168.137.81:3306' (10060)
2026-07-01 11:00:22,357 INFO     ────────────────────────────────────────────────────────────
2026-07-01 11:00:22,357 INFO     Running ARCL
2026-07-01 11:00:25,313 INFO     ARCL Completed Successfully
2026-07-01 11:00:25,313 INFO     ────────────────────────────────────────────────────────────
2026-07-01 11:00:25,313 INFO     Running CKYC
2026-07-01 11:00:26,210 INFO     CKYC Completed Successfully
2026-07-01 11:00:26,211 INFO     ────────────────────────────────────────────────────────────
2026-07-01 11:00:26,211 INFO     Running MCX
2026-07-01 11:00:27,951 INFO     MCX Completed Successfully
2026-07-01 11:00:27,951 INFO     ────────────────────────────────────────────────────────────
2026-07-01 11:00:27,952 INFO     Running APMI
2026-07-01 11:00:50,096 ERROR    APMI Failed
Traceback (most recent call last):
  File "C:\Users\admin\AppData\Local\Programs\Python\Python314\Lib\site-packages\mysql\connector\connection_cext.py", line 354, in _open_connection
    self._cmysql.connect(**cnx_kwargs)
    ~~~~~~~~~~~~~~~~~~~~^^^^^^^^^^^^^^
_mysql_connector.MySQLInterfaceError: Can't connect to MySQL server on '192.168.137.81:3306' (10060)

The above exception was the direct cause of the following exception:

Traceback (most recent call last):
  File "C:\ISEC\PDF_Downloader_Automation\main.py", line 53, in run_website
    function()
    ~~~~~~~~^^
  File "C:\ISEC\PDF_Downloader_Automation\extractors\apmi.py", line 98, in scrape_apmi
    if pdf_exists("APMI", filename):
       ~~~~~~~~~~^^^^^^^^^^^^^^^^^^
  File "C:\ISEC\PDF_Downloader_Automation\extractors\db.py", line 15, in pdf_exists
    conn = get_connection()
  File "C:\ISEC\PDF_Downloader_Automation\extractors\db.py", line 6, in get_connection
    return mysql.connector.connect(
           ~~~~~~~~~~~~~~~~~~~~~~~^
        host="192.168.137.81",
        ^^^^^^^^^^^^^^^^^^^^^^
    ...<2 lines>...
        database="file_downloader"
        ^^^^^^^^^^^^^^^^^^^^^^^^^^
    )
    ^
  File "C:\Users\admin\AppData\Local\Programs\Python\Python314\Lib\site-packages\mysql\connector\pooling.py", line 322, in connect
    return CMySQLConnection(*args, **kwargs)
  File "C:\Users\admin\AppData\Local\Programs\Python\Python314\Lib\site-packages\mysql\connector\connection_cext.py", line 142, in __init__
    self.connect(**kwargs)
    ~~~~~~~~~~~~^^^^^^^^^^
  File "C:\Users\admin\AppData\Local\Programs\Python\Python314\Lib\site-packages\mysql\connector\abstracts.py", line 1604, in connect
    self._open_connection()
    ~~~~~~~~~~~~~~~~~~~~~^^
  File "C:\Users\admin\AppData\Local\Programs\Python\Python314\Lib\site-packages\mysql\connector\connection_cext.py", line 360, in _open_connection
    raise get_mysql_exception(
        err.errno, msg=err.msg, sqlstate=err.sqlstate
    ) from err
mysql.connector.errors.DatabaseError: 2003 (HY000): Can't connect to MySQL server on '192.168.137.81:3306' (10060)
2026-07-01 11:00:50,122 INFO     ────────────────────────────────────────────────────────────
2026-07-01 11:00:50,123 INFO     Running PFRDA
2026-07-01 11:01:24,445 INFO     PFRDA Completed Successfully
2026-07-01 11:01:24,446 INFO     ────────────────────────────────────────────────────────────
2026-07-01 11:01:24,446 INFO     Running NSDL
2026-07-01 11:01:26,639 INFO     NSDL Completed Successfully
2026-07-01 11:01:26,639 INFO     ────────────────────────────────────────────────────────────
2026-07-01 11:01:26,640 INFO     Running SEBI
2026-07-01 11:01:29,567 INFO     SEBI Completed Successfully
2026-07-01 11:01:29,567 INFO     ────────────────────────────────────────────────────────────
2026-07-01 11:01:29,568 INFO     Running IRDAI
2026-07-01 11:01:30,916 INFO     IRDAI Completed Successfully
2026-07-01 11:01:30,917 INFO     ────────────────────────────────────────────────────────────
2026-07-01 11:01:30,917 INFO     Summary
2026-07-01 11:01:30,917 INFO     
2026-07-01 11:01:30,918 INFO     Run completed in 95.7 seconds
2026-07-01 11:01:30,919 INFO     Downloads saved under: C:\ISEC\PDF_Downloader_Automation\downloads
2026-07-01 11:01:30,919 INFO     ════════════════════════════════════════════════════════════
2026-07-01 11:01:30,919 INFO     
2026-07-01 11:03:47,782 INFO     ════════════════════════════════════════════════════════════
2026-07-01 11:03:47,783 INFO     Scraping run started at 2026-07-01 11:03:47
2026-07-01 11:03:47,783 INFO     ════════════════════════════════════════════════════════════
2026-07-01 11:03:47,784 INFO     ────────────────────────────────────────────────────────────
2026-07-01 11:03:47,784 INFO     Running NSE
2026-07-01 11:03:49,249 INFO     NSE Completed Successfully
2026-07-01 11:03:49,250 INFO     ────────────────────────────────────────────────────────────
2026-07-01 11:03:49,250 INFO     Running BSE
2026-07-01 11:03:50,195 INFO     BSE Completed Successfully
2026-07-01 11:03:50,195 INFO     ────────────────────────────────────────────────────────────
2026-07-01 11:03:50,196 INFO     Running CDSL
2026-07-01 11:03:52,075 INFO     CDSL Completed Successfully
2026-07-01 11:03:52,076 INFO     ────────────────────────────────────────────────────────────
2026-07-01 11:03:52,076 INFO     Running AMFI
2026-07-01 11:03:59,806 INFO     AMFI Completed Successfully
2026-07-01 11:03:59,806 INFO     ────────────────────────────────────────────────────────────
2026-07-01 11:03:59,807 INFO     Running ARCL
2026-07-01 11:04:09,824 INFO     ARCL Completed Successfully
2026-07-01 11:04:09,825 INFO     ────────────────────────────────────────────────────────────
2026-07-01 11:04:09,825 INFO     Running CKYC
2026-07-01 11:04:10,712 INFO     CKYC Completed Successfully
2026-07-01 11:04:10,713 INFO     ────────────────────────────────────────────────────────────
2026-07-01 11:04:10,713 INFO     Running MCX
2026-07-01 11:04:12,320 INFO     MCX Completed Successfully
2026-07-01 11:04:12,320 INFO     ────────────────────────────────────────────────────────────
2026-07-01 11:04:12,321 INFO     Running APMI
2026-07-01 11:04:22,855 INFO     APMI Completed Successfully
2026-07-01 11:04:22,855 INFO     ────────────────────────────────────────────────────────────
2026-07-01 11:04:22,855 INFO     Running PFRDA
2026-07-01 11:04:53,711 INFO     PFRDA Completed Successfully
2026-07-01 11:04:53,711 INFO     ────────────────────────────────────────────────────────────
2026-07-01 11:04:53,711 INFO     Running NSDL
2026-07-01 11:04:55,872 INFO     NSDL Completed Successfully
2026-07-01 11:04:55,872 INFO     ────────────────────────────────────────────────────────────
2026-07-01 11:04:55,872 INFO     Running SEBI
2026-07-01 11:04:56,901 INFO     SEBI Completed Successfully
2026-07-01 11:04:56,902 INFO     ────────────────────────────────────────────────────────────
2026-07-01 11:04:56,902 INFO     Running IRDAI
2026-07-01 11:04:58,170 INFO     IRDAI Completed Successfully
2026-07-01 11:04:58,171 INFO     ────────────────────────────────────────────────────────────
2026-07-01 11:04:58,171 INFO     Summary
2026-07-01 11:04:58,171 INFO     
2026-07-01 11:04:58,172 INFO     Run completed in 70.4 seconds
2026-07-01 11:04:58,173 INFO     Downloads saved under: C:\ISEC\PDF_Downloader_Automation\downloads
2026-07-01 11:04:58,173 INFO     ════════════════════════════════════════════════════════════
2026-07-01 11:04:58,174 INFO     
2026-07-01 11:37:13,539 INFO     ════════════════════════════════════════════════════════════
2026-07-01 11:37:13,539 INFO     Scraping run started at 2026-07-01 11:37:13
2026-07-01 11:37:13,539 INFO     ════════════════════════════════════════════════════════════
2026-07-01 11:37:13,539 INFO     ────────────────────────────────────────────────────────────
2026-07-01 11:37:13,539 INFO     Running AMFI
2026-07-01 11:38:01,251 INFO     AMFI Completed Successfully
2026-07-01 11:38:01,251 INFO     ────────────────────────────────────────────────────────────
2026-07-01 11:38:01,251 INFO     Running ARCL
2026-07-01 11:39:15,913 ERROR    ARCL Failed
Traceback (most recent call last):
  File "C:\ISEC\PDF_Downloader_Automation\main.py", line 53, in run_website
    function()
    ~~~~~~~~^^
  File "C:\ISEC\PDF_Downloader_Automation\extractors\arcl.py", line 130, in download_arcl
    logger.info(f"Already Processed     : {already_processed}")
                                           ^^^^^^^^^^^^^^^^^
NameError: name 'already_processed' is not defined
2026-07-01 11:39:15,915 INFO     ────────────────────────────────────────────────────────────
2026-07-01 11:39:15,915 INFO     Summary
2026-07-01 11:39:15,915 INFO     
2026-07-01 11:39:15,915 INFO     Run completed in 122.4 seconds
2026-07-01 11:39:15,916 INFO     Downloads saved under: C:\ISEC\PDF_Downloader_Automation\downloads
2026-07-01 11:39:15,916 INFO     ════════════════════════════════════════════════════════════
2026-07-01 11:39:15,916 INFO     
2026-07-01 11:42:51,013 INFO     ════════════════════════════════════════════════════════════
2026-07-01 11:42:51,013 INFO     Scraping run started at 2026-07-01 11:42:51
2026-07-01 11:42:51,013 INFO     ════════════════════════════════════════════════════════════
2026-07-01 11:42:51,013 INFO     ────────────────────────────────────────────────────────────
2026-07-01 11:42:51,013 INFO     Running ARCL
2026-07-01 11:49:59,108 INFO     ════════════════════════════════════════════════════════════
2026-07-01 11:49:59,109 INFO     Scraping run started at 2026-07-01 11:49:59
2026-07-01 11:49:59,109 INFO     ════════════════════════════════════════════════════════════
2026-07-01 11:49:59,109 INFO     ────────────────────────────────────────────────────────────
2026-07-01 11:49:59,109 INFO     Running ARCL
2026-07-01 11:49:59,115 ERROR    ARCL Failed
Traceback (most recent call last):
  File "C:\Users\admin\AppData\Local\Programs\Python\Python314\Lib\site-packages\urllib3\connection.py", line 204, in _new_conn
    sock = connection.create_connection(
        (self._dns_host, self.port),
    ...<2 lines>...
        socket_options=self.socket_options,
    )
  File "C:\Users\admin\AppData\Local\Programs\Python\Python314\Lib\site-packages\urllib3\util\connection.py", line 60, in create_connection
    for res in socket.getaddrinfo(host, port, family, socket.SOCK_STREAM):
               ~~~~~~~~~~~~~~~~~~^^^^^^^^^^^^^^^^^^^^^^^^^^^^^^^^^^^^^^^^
  File "C:\Users\admin\AppData\Local\Programs\Python\Python314\Lib\socket.py", line 983, in getaddrinfo
    for res in _socket.getaddrinfo(host, port, family, type, proto, flags):
               ~~~~~~~~~~~~~~~~~~~^^^^^^^^^^^^^^^^^^^^^^^^^^^^^^^^^^^^^^^^
socket.gaierror: [Errno 11001] getaddrinfo failed

The above exception was the direct cause of the following exception:

Traceback (most recent call last):
  File "C:\Users\admin\AppData\Local\Programs\Python\Python314\Lib\site-packages\urllib3\connectionpool.py", line 787, in urlopen
    response = self._make_request(
        conn,
    ...<10 lines>...
        **response_kw,
    )
  File "C:\Users\admin\AppData\Local\Programs\Python\Python314\Lib\site-packages\urllib3\connectionpool.py", line 488, in _make_request
    raise new_e
  File "C:\Users\admin\AppData\Local\Programs\Python\Python314\Lib\site-packages\urllib3\connectionpool.py", line 464, in _make_request
    self._validate_conn(conn)
    ~~~~~~~~~~~~~~~~~~~^^^^^^
  File "C:\Users\admin\AppData\Local\Programs\Python\Python314\Lib\site-packages\urllib3\connectionpool.py", line 1093, in _validate_conn
    conn.connect()
    ~~~~~~~~~~~~^^
  File "C:\Users\admin\AppData\Local\Programs\Python\Python314\Lib\site-packages\urllib3\connection.py", line 759, in connect
    self.sock = sock = self._new_conn()
                       ~~~~~~~~~~~~~~^^
  File "C:\Users\admin\AppData\Local\Programs\Python\Python314\Lib\site-packages\urllib3\connection.py", line 211, in _new_conn
    raise NameResolutionError(self.host, self, e) from e
urllib3.exceptions.NameResolutionError: HTTPSConnection(host='www.arclindia.com', port=443): Failed to resolve 'www.arclindia.com' ([Errno 11001] getaddrinfo failed)

The above exception was the direct cause of the following exception:

Traceback (most recent call last):
  File "C:\Users\admin\AppData\Local\Programs\Python\Python314\Lib\site-packages\requests\adapters.py", line 644, in send
    resp = conn.urlopen(
        method=request.method,
    ...<9 lines>...
        chunked=chunked,
    )
  File "C:\Users\admin\AppData\Local\Programs\Python\Python314\Lib\site-packages\urllib3\connectionpool.py", line 841, in urlopen
    retries = retries.increment(
        method, url, error=new_e, _pool=self, _stacktrace=sys.exc_info()[2]
    )
  File "C:\Users\admin\AppData\Local\Programs\Python\Python314\Lib\site-packages\urllib3\util\retry.py", line 535, in increment
    raise MaxRetryError(_pool, url, reason) from reason  # type: ignore[arg-type]
    ^^^^^^^^^^^^^^^^^^^^^^^^^^^^^^^^^^^^^^^^^^^^^^^^^^^
urllib3.exceptions.MaxRetryError: HTTPSConnectionPool(host='www.arclindia.com', port=443): Max retries exceeded with url: /circulars (Caused by NameResolutionError("HTTPSConnection(host='www.arclindia.com', port=443): Failed to resolve 'www.arclindia.com' ([Errno 11001] getaddrinfo failed)"))

During handling of the above exception, another exception occurred:

Traceback (most recent call last):
  File "C:\ISEC\PDF_Downloader_Automation\main.py", line 53, in run_website
    function()
    ~~~~~~~~^^
  File "C:\ISEC\PDF_Downloader_Automation\extractors\arcl.py", line 112, in download_arcl
    html = fetch_html()
  File "C:\ISEC\PDF_Downloader_Automation\extractors\arcl.py", line 54, in fetch_html
    response = requests.get(URL, headers=HEADERS, timeout=30)
  File "C:\Users\admin\AppData\Local\Programs\Python\Python314\Lib\site-packages\requests\api.py", line 73, in get
    return request("get", url, params=params, **kwargs)
  File "C:\Users\admin\AppData\Local\Programs\Python\Python314\Lib\site-packages\requests\api.py", line 59, in request
    return session.request(method=method, url=url, **kwargs)
           ~~~~~~~~~~~~~~~^^^^^^^^^^^^^^^^^^^^^^^^^^^^^^^^^^
  File "C:\Users\admin\AppData\Local\Programs\Python\Python314\Lib\site-packages\requests\sessions.py", line 589, in request
    resp = self.send(prep, **send_kwargs)
  File "C:\Users\admin\AppData\Local\Programs\Python\Python314\Lib\site-packages\requests\sessions.py", line 703, in send
    r = adapter.send(request, **kwargs)
  File "C:\Users\admin\AppData\Local\Programs\Python\Python314\Lib\site-packages\requests\adapters.py", line 677, in send
    raise ConnectionError(e, request=request)
requests.exceptions.ConnectionError: HTTPSConnectionPool(host='www.arclindia.com', port=443): Max retries exceeded with url: /circulars (Caused by NameResolutionError("HTTPSConnection(host='www.arclindia.com', port=443): Failed to resolve 'www.arclindia.com' ([Errno 11001] getaddrinfo failed)"))
2026-07-01 11:49:59,228 INFO     ────────────────────────────────────────────────────────────
2026-07-01 11:49:59,228 INFO     Running CKYC
2026-07-01 11:49:59,235 ERROR    CKYC Failed
Traceback (most recent call last):
  File "C:\Users\admin\AppData\Local\Programs\Python\Python314\Lib\site-packages\urllib3\connection.py", line 204, in _new_conn
    sock = connection.create_connection(
        (self._dns_host, self.port),
    ...<2 lines>...
        socket_options=self.socket_options,
    )
  File "C:\Users\admin\AppData\Local\Programs\Python\Python314\Lib\site-packages\urllib3\util\connection.py", line 60, in create_connection
    for res in socket.getaddrinfo(host, port, family, socket.SOCK_STREAM):
               ~~~~~~~~~~~~~~~~~~^^^^^^^^^^^^^^^^^^^^^^^^^^^^^^^^^^^^^^^^
  File "C:\Users\admin\AppData\Local\Programs\Python\Python314\Lib\socket.py", line 983, in getaddrinfo
    for res in _socket.getaddrinfo(host, port, family, type, proto, flags):
               ~~~~~~~~~~~~~~~~~~~^^^^^^^^^^^^^^^^^^^^^^^^^^^^^^^^^^^^^^^^
socket.gaierror: [Errno 11001] getaddrinfo failed

The above exception was the direct cause of the following exception:

Traceback (most recent call last):
  File "C:\Users\admin\AppData\Local\Programs\Python\Python314\Lib\site-packages\urllib3\connectionpool.py", line 787, in urlopen
    response = self._make_request(
        conn,
    ...<10 lines>...
        **response_kw,
    )
  File "C:\Users\admin\AppData\Local\Programs\Python\Python314\Lib\site-packages\urllib3\connectionpool.py", line 488, in _make_request
    raise new_e
  File "C:\Users\admin\AppData\Local\Programs\Python\Python314\Lib\site-packages\urllib3\connectionpool.py", line 464, in _make_request
    self._validate_conn(conn)
    ~~~~~~~~~~~~~~~~~~~^^^^^^
  File "C:\Users\admin\AppData\Local\Programs\Python\Python314\Lib\site-packages\urllib3\connectionpool.py", line 1093, in _validate_conn
    conn.connect()
    ~~~~~~~~~~~~^^
  File "C:\Users\admin\AppData\Local\Programs\Python\Python314\Lib\site-packages\urllib3\connection.py", line 759, in connect
    self.sock = sock = self._new_conn()
                       ~~~~~~~~~~~~~~^^
  File "C:\Users\admin\AppData\Local\Programs\Python\Python314\Lib\site-packages\urllib3\connection.py", line 211, in _new_conn
    raise NameResolutionError(self.host, self, e) from e
urllib3.exceptions.NameResolutionError: HTTPSConnection(host='www.ckycindia.in', port=443): Failed to resolve 'www.ckycindia.in' ([Errno 11001] getaddrinfo failed)

The above exception was the direct cause of the following exception:

Traceback (most recent call last):
  File "C:\Users\admin\AppData\Local\Programs\Python\Python314\Lib\site-packages\requests\adapters.py", line 644, in send
    resp = conn.urlopen(
        method=request.method,
    ...<9 lines>...
        chunked=chunked,
    )
  File "C:\Users\admin\AppData\Local\Programs\Python\Python314\Lib\site-packages\urllib3\connectionpool.py", line 841, in urlopen
    retries = retries.increment(
        method, url, error=new_e, _pool=self, _stacktrace=sys.exc_info()[2]
    )
  File "C:\Users\admin\AppData\Local\Programs\Python\Python314\Lib\site-packages\urllib3\util\retry.py", line 535, in increment
    raise MaxRetryError(_pool, url, reason) from reason  # type: ignore[arg-type]
    ^^^^^^^^^^^^^^^^^^^^^^^^^^^^^^^^^^^^^^^^^^^^^^^^^^^
urllib3.exceptions.MaxRetryError: HTTPSConnectionPool(host='www.ckycindia.in', port=443): Max retries exceeded with url: /ckyc/?r=notification (Caused by NameResolutionError("HTTPSConnection(host='www.ckycindia.in', port=443): Failed to resolve 'www.ckycindia.in' ([Errno 11001] getaddrinfo failed)"))

During handling of the above exception, another exception occurred:

Traceback (most recent call last):
  File "C:\ISEC\PDF_Downloader_Automation\main.py", line 53, in run_website
    function()
    ~~~~~~~~^^
  File "C:\ISEC\PDF_Downloader_Automation\extractors\ckyc.py", line 113, in download_ckyc
    html = fetch_html()
  File "C:\ISEC\PDF_Downloader_Automation\extractors\ckyc.py", line 56, in fetch_html
    response = requests.get(URL, headers=HEADERS, timeout=30)
  File "C:\Users\admin\AppData\Local\Programs\Python\Python314\Lib\site-packages\requests\api.py", line 73, in get
    return request("get", url, params=params, **kwargs)
  File "C:\Users\admin\AppData\Local\Programs\Python\Python314\Lib\site-packages\requests\api.py", line 59, in request
    return session.request(method=method, url=url, **kwargs)
           ~~~~~~~~~~~~~~~^^^^^^^^^^^^^^^^^^^^^^^^^^^^^^^^^^
  File "C:\Users\admin\AppData\Local\Programs\Python\Python314\Lib\site-packages\requests\sessions.py", line 589, in request
    resp = self.send(prep, **send_kwargs)
  File "C:\Users\admin\AppData\Local\Programs\Python\Python314\Lib\site-packages\requests\sessions.py", line 703, in send
    r = adapter.send(request, **kwargs)
  File "C:\Users\admin\AppData\Local\Programs\Python\Python314\Lib\site-packages\requests\adapters.py", line 677, in send
    raise ConnectionError(e, request=request)
requests.exceptions.ConnectionError: HTTPSConnectionPool(host='www.ckycindia.in', port=443): Max retries exceeded with url: /ckyc/?r=notification (Caused by NameResolutionError("HTTPSConnection(host='www.ckycindia.in', port=443): Failed to resolve 'www.ckycindia.in' ([Errno 11001] getaddrinfo failed)"))
2026-07-01 11:49:59,244 INFO     ────────────────────────────────────────────────────────────
2026-07-01 11:49:59,244 INFO     Summary
2026-07-01 11:49:59,244 INFO     
2026-07-01 11:49:59,244 INFO     Run completed in 0.1 seconds
2026-07-01 11:49:59,245 INFO     Downloads saved under: C:\ISEC\PDF_Downloader_Automation\downloads
2026-07-01 11:49:59,245 INFO     ════════════════════════════════════════════════════════════
2026-07-01 11:49:59,245 INFO     
2026-07-01 12:04:52,767 INFO     ════════════════════════════════════════════════════════════
2026-07-01 12:04:52,767 INFO     Scraping run started at 2026-07-01 12:04:52
2026-07-01 12:04:52,767 INFO     ════════════════════════════════════════════════════════════
2026-07-01 12:04:52,767 INFO     ────────────────────────────────────────────────────────────
2026-07-01 12:04:52,767 INFO     Running ARCL
2026-07-01 12:09:27,575 INFO     ARCL Completed Successfully
2026-07-01 12:09:27,575 INFO     ────────────────────────────────────────────────────────────
2026-07-01 12:09:27,576 INFO     Running CKYC
2026-07-01 12:09:51,044 INFO     CKYC Completed Successfully
2026-07-01 12:09:51,045 INFO     ────────────────────────────────────────────────────────────
2026-07-01 12:09:51,045 INFO     Summary
2026-07-01 12:09:51,045 INFO     
2026-07-01 12:09:51,045 INFO     Run completed in 298.3 seconds
2026-07-01 12:09:51,046 INFO     Downloads saved under: C:\ISEC\PDF_Downloader_Automation\downloads
2026-07-01 12:09:51,046 INFO     ════════════════════════════════════════════════════════════
2026-07-01 12:09:51,046 INFO     
2026-07-01 12:11:40,788 INFO     ════════════════════════════════════════════════════════════
2026-07-01 12:11:40,788 INFO     Scraping run started at 2026-07-01 12:11:40
2026-07-01 12:11:40,788 INFO     ════════════════════════════════════════════════════════════
2026-07-01 12:11:40,788 INFO     ────────────────────────────────────────────────────────────
2026-07-01 12:11:40,788 INFO     Running BSE
2026-07-01 12:11:40,794 ERROR    BSE Failed
Traceback (most recent call last):
  File "C:\Users\admin\AppData\Local\Programs\Python\Python314\Lib\site-packages\urllib3\connection.py", line 204, in _new_conn
    sock = connection.create_connection(
        (self._dns_host, self.port),
    ...<2 lines>...
        socket_options=self.socket_options,
    )
  File "C:\Users\admin\AppData\Local\Programs\Python\Python314\Lib\site-packages\urllib3\util\connection.py", line 60, in create_connection
    for res in socket.getaddrinfo(host, port, family, socket.SOCK_STREAM):
               ~~~~~~~~~~~~~~~~~~^^^^^^^^^^^^^^^^^^^^^^^^^^^^^^^^^^^^^^^^
  File "C:\Users\admin\AppData\Local\Programs\Python\Python314\Lib\socket.py", line 983, in getaddrinfo
    for res in _socket.getaddrinfo(host, port, family, type, proto, flags):
               ~~~~~~~~~~~~~~~~~~~^^^^^^^^^^^^^^^^^^^^^^^^^^^^^^^^^^^^^^^^
socket.gaierror: [Errno 11001] getaddrinfo failed

The above exception was the direct cause of the following exception:

Traceback (most recent call last):
  File "C:\Users\admin\AppData\Local\Programs\Python\Python314\Lib\site-packages\urllib3\connectionpool.py", line 787, in urlopen
    response = self._make_request(
        conn,
    ...<10 lines>...
        **response_kw,
    )
  File "C:\Users\admin\AppData\Local\Programs\Python\Python314\Lib\site-packages\urllib3\connectionpool.py", line 488, in _make_request
    raise new_e
  File "C:\Users\admin\AppData\Local\Programs\Python\Python314\Lib\site-packages\urllib3\connectionpool.py", line 464, in _make_request
    self._validate_conn(conn)
    ~~~~~~~~~~~~~~~~~~~^^^^^^
  File "C:\Users\admin\AppData\Local\Programs\Python\Python314\Lib\site-packages\urllib3\connectionpool.py", line 1093, in _validate_conn
    conn.connect()
    ~~~~~~~~~~~~^^
  File "C:\Users\admin\AppData\Local\Programs\Python\Python314\Lib\site-packages\urllib3\connection.py", line 759, in connect
    self.sock = sock = self._new_conn()
                       ~~~~~~~~~~~~~~^^
  File "C:\Users\admin\AppData\Local\Programs\Python\Python314\Lib\site-packages\urllib3\connection.py", line 211, in _new_conn
    raise NameResolutionError(self.host, self, e) from e
urllib3.exceptions.NameResolutionError: HTTPSConnection(host='api.bseindia.com', port=443): Failed to resolve 'api.bseindia.com' ([Errno 11001] getaddrinfo failed)

The above exception was the direct cause of the following exception:

Traceback (most recent call last):
  File "C:\Users\admin\AppData\Local\Programs\Python\Python314\Lib\site-packages\requests\adapters.py", line 644, in send
    resp = conn.urlopen(
        method=request.method,
    ...<9 lines>...
        chunked=chunked,
    )
  File "C:\Users\admin\AppData\Local\Programs\Python\Python314\Lib\site-packages\urllib3\connectionpool.py", line 841, in urlopen
    retries = retries.increment(
        method, url, error=new_e, _pool=self, _stacktrace=sys.exc_info()[2]
    )
  File "C:\Users\admin\AppData\Local\Programs\Python\Python314\Lib\site-packages\urllib3\util\retry.py", line 535, in increment
    raise MaxRetryError(_pool, url, reason) from reason  # type: ignore[arg-type]
    ^^^^^^^^^^^^^^^^^^^^^^^^^^^^^^^^^^^^^^^^^^^^^^^^^^^
urllib3.exceptions.MaxRetryError: HTTPSConnectionPool(host='api.bseindia.com', port=443): Max retries exceeded with url: /BseIndiaAPI/api/getDataAdvance_New/w?strTxtNoticeNo=&strTxtDate=2026-07-01&strTxtTodate=2026-07-01&strScripcode=&strDep=&strSegment=&subject=&category=&containgtext= (Caused by NameResolutionError("HTTPSConnection(host='api.bseindia.com', port=443): Failed to resolve 'api.bseindia.com' ([Errno 11001] getaddrinfo failed)"))

During handling of the above exception, another exception occurred:

Traceback (most recent call last):
  File "C:\ISEC\PDF_Downloader_Automation\main.py", line 53, in run_website
    function()
    ~~~~~~~~^^
  File "C:\ISEC\PDF_Downloader_Automation\extractors\bse.py", line 62, in download_bse
    result = bse.circulars(from_date=today, to_date=today, segment=SEGMENT)
  File "C:\Users\admin\AppData\Local\Programs\Python\Python314\Lib\site-packages\bse\BSE.py", line 528, in circulars
    return self.__req(url, params=params).json()
           ~~~~~~~~~~^^^^^^^^^^^^^^^^^^^^
  File "C:\Users\admin\AppData\Local\Programs\Python\Python314\Lib\site-packages\bse\BSE.py", line 135, in __req
    response = self.session.get(url, params=params, timeout=timeout)
  File "C:\Users\admin\AppData\Local\Programs\Python\Python314\Lib\site-packages\requests\sessions.py", line 602, in get
    return self.request("GET", url, **kwargs)
           ~~~~~~~~~~~~^^^^^^^^^^^^^^^^^^^^^^
  File "C:\Users\admin\AppData\Local\Programs\Python\Python314\Lib\site-packages\requests\sessions.py", line 589, in request
    resp = self.send(prep, **send_kwargs)
  File "C:\Users\admin\AppData\Local\Programs\Python\Python314\Lib\site-packages\requests\sessions.py", line 703, in send
    r = adapter.send(request, **kwargs)
  File "C:\Users\admin\AppData\Local\Programs\Python\Python314\Lib\site-packages\requests\adapters.py", line 677, in send
    raise ConnectionError(e, request=request)
requests.exceptions.ConnectionError: HTTPSConnectionPool(host='api.bseindia.com', port=443): Max retries exceeded with url: /BseIndiaAPI/api/getDataAdvance_New/w?strTxtNoticeNo=&strTxtDate=2026-07-01&strTxtTodate=2026-07-01&strScripcode=&strDep=&strSegment=&subject=&category=&containgtext= (Caused by NameResolutionError("HTTPSConnection(host='api.bseindia.com', port=443): Failed to resolve 'api.bseindia.com' ([Errno 11001] getaddrinfo failed)"))
2026-07-01 12:11:40,803 INFO     ────────────────────────────────────────────────────────────
2026-07-01 12:11:40,803 INFO     Summary
2026-07-01 12:11:40,804 INFO     
2026-07-01 12:11:40,804 INFO     Run completed in 0.0 seconds
2026-07-01 12:11:40,804 INFO     Downloads saved under: C:\ISEC\PDF_Downloader_Automation\downloads
2026-07-01 12:11:40,804 INFO     ════════════════════════════════════════════════════════════
2026-07-01 12:11:40,804 INFO     
2026-07-01 14:04:55,449 INFO     ════════════════════════════════════════════════════════════
2026-07-01 14:04:55,452 INFO     Scraping run started at 2026-07-01 14:04:55
2026-07-01 14:04:55,453 INFO     ════════════════════════════════════════════════════════════
2026-07-01 14:04:55,453 INFO     ────────────────────────────────────────────────────────────
2026-07-01 14:04:55,453 INFO     Running BSE
2026-07-01 14:05:03,901 ERROR    BSE Failed
Traceback (most recent call last):
  File "C:\ISEC\PDF_Downloader_Automation\main.py", line 53, in run_website
    function()
    ~~~~~~~~^^
  File "C:\ISEC\PDF_Downloader_Automation\extractors\bse.py", line 76, in download_bse
    if pdf_exists(pdf_url):
       ~~~~~~~~~~^^^^^^^^^
TypeError: pdf_exists() missing 1 required positional argument: 'pdf_name'
2026-07-01 14:05:03,947 INFO     ────────────────────────────────────────────────────────────
2026-07-01 14:05:03,948 INFO     Summary
2026-07-01 14:05:03,948 INFO     
2026-07-01 14:05:03,948 INFO     Run completed in 8.5 seconds
2026-07-01 14:05:03,950 INFO     Downloads saved under: C:\ISEC\PDF_Downloader_Automation\downloads
2026-07-01 14:05:03,950 INFO     ════════════════════════════════════════════════════════════
2026-07-01 14:05:03,950 INFO     
2026-07-01 14:33:08,902 INFO     ════════════════════════════════════════════════════════════
2026-07-01 14:33:08,906 INFO     Scraping run started at 2026-07-01 14:33:08
2026-07-01 14:33:08,907 INFO     ════════════════════════════════════════════════════════════
2026-07-01 14:33:08,907 INFO     ────────────────────────────────────────────────────────────
2026-07-01 14:33:08,908 INFO     Running BSE
2026-07-01 14:33:31,665 ERROR    BSE Failed
Traceback (most recent call last):
  File "C:\Users\admin\AppData\Local\Programs\Python\Python314\Lib\site-packages\mysql\connector\connection_cext.py", line 354, in _open_connection
    self._cmysql.connect(**cnx_kwargs)
    ~~~~~~~~~~~~~~~~~~~~^^^^^^^^^^^^^^
_mysql_connector.MySQLInterfaceError: Can't connect to MySQL server on '192.168.137.130:3306' (10060)

The above exception was the direct cause of the following exception:

Traceback (most recent call last):
  File "C:\ISEC\PDF_Downloader_Automation\main.py", line 53, in run_website
    function()
    ~~~~~~~~^^
  File "C:\ISEC\PDF_Downloader_Automation\extractors\bse.py", line 80, in download_bse
    if pdf_exists("BSE", filename):
       ~~~~~~~~~~^^^^^^^^^^^^^^^^^
  File "C:\ISEC\PDF_Downloader_Automation\extractors\db.py", line 15, in pdf_exists
    conn = get_connection()
  File "C:\ISEC\PDF_Downloader_Automation\extractors\db.py", line 6, in get_connection
    return mysql.connector.connect(
           ~~~~~~~~~~~~~~~~~~~~~~~^
        host="192.168.137.130",
        ^^^^^^^^^^^^^^^^^^^^^^^
    ...<2 lines>...
        database="file_downloader"
        ^^^^^^^^^^^^^^^^^^^^^^^^^^
    )
    ^
  File "C:\Users\admin\AppData\Local\Programs\Python\Python314\Lib\site-packages\mysql\connector\pooling.py", line 322, in connect
    return CMySQLConnection(*args, **kwargs)
  File "C:\Users\admin\AppData\Local\Programs\Python\Python314\Lib\site-packages\mysql\connector\connection_cext.py", line 142, in __init__
    self.connect(**kwargs)
    ~~~~~~~~~~~~^^^^^^^^^^
  File "C:\Users\admin\AppData\Local\Programs\Python\Python314\Lib\site-packages\mysql\connector\abstracts.py", line 1604, in connect
    self._open_connection()
    ~~~~~~~~~~~~~~~~~~~~~^^
  File "C:\Users\admin\AppData\Local\Programs\Python\Python314\Lib\site-packages\mysql\connector\connection_cext.py", line 360, in _open_connection
    raise get_mysql_exception(
        err.errno, msg=err.msg, sqlstate=err.sqlstate
    ) from err
mysql.connector.errors.DatabaseError: 2003 (HY000): Can't connect to MySQL server on '192.168.137.130:3306' (10060)
2026-07-01 14:33:31,943 INFO     ────────────────────────────────────────────────────────────
2026-07-01 14:33:31,944 INFO     Summary
2026-07-01 14:33:31,944 INFO     
2026-07-01 14:33:31,945 INFO     Run completed in 23.0 seconds
2026-07-01 14:33:31,946 INFO     Downloads saved under: C:\ISEC\PDF_Downloader_Automation\downloads
2026-07-01 14:33:31,946 INFO     ════════════════════════════════════════════════════════════
2026-07-01 14:33:31,947 INFO     
2026-07-01 14:37:35,003 INFO     ════════════════════════════════════════════════════════════
2026-07-01 14:37:35,004 INFO     Scraping run started at 2026-07-01 14:37:35
2026-07-01 14:37:35,005 INFO     ════════════════════════════════════════════════════════════
2026-07-01 14:37:35,005 INFO     ────────────────────────────────────────────────────────────
2026-07-01 14:37:35,006 INFO     Running BSE
2026-07-01 14:37:39,223 INFO     BSE Completed Successfully
2026-07-01 14:37:39,223 INFO     ────────────────────────────────────────────────────────────
2026-07-01 14:37:39,223 INFO     Summary
2026-07-01 14:37:39,224 INFO     
2026-07-01 14:37:39,225 INFO     Run completed in 4.2 seconds
2026-07-01 14:37:39,226 INFO     Downloads saved under: C:\ISEC\PDF_Downloader_Automation\downloads
2026-07-01 14:37:39,226 INFO     ════════════════════════════════════════════════════════════
2026-07-01 14:37:39,226 INFO     
2026-07-01 14:42:54,414 INFO     ════════════════════════════════════════════════════════════
2026-07-01 14:42:54,415 INFO     Scraping run started at 2026-07-01 14:42:54
2026-07-01 14:42:54,416 INFO     ════════════════════════════════════════════════════════════
2026-07-01 14:42:54,416 INFO     ────────────────────────────────────────────────────────────
2026-07-01 14:42:54,416 INFO     Running NSE
2026-07-01 14:42:56,834 INFO     NSE Completed Successfully
2026-07-01 14:42:56,835 INFO     ────────────────────────────────────────────────────────────
2026-07-01 14:42:56,835 INFO     Running MCX
2026-07-01 14:42:58,584 INFO     MCX Completed Successfully
2026-07-01 14:42:58,585 INFO     ────────────────────────────────────────────────────────────
2026-07-01 14:42:58,585 INFO     Summary
2026-07-01 14:42:58,585 INFO     
2026-07-01 14:42:58,586 INFO     Run completed in 4.2 seconds
2026-07-01 14:42:58,587 INFO     Downloads saved under: C:\ISEC\PDF_Downloader_Automation\downloads
2026-07-01 14:42:58,588 INFO     ════════════════════════════════════════════════════════════
2026-07-01 14:42:58,588 INFO     
2026-07-01 14:49:22,873 INFO     ════════════════════════════════════════════════════════════
2026-07-01 14:49:22,877 INFO     Scraping run started at 2026-07-01 14:49:22
2026-07-01 14:49:22,878 INFO     ════════════════════════════════════════════════════════════
2026-07-01 14:49:22,878 INFO     ────────────────────────────────────────────────────────────
2026-07-01 14:49:22,879 INFO     Running NSE
2026-07-01 14:49:45,603 ERROR    NSE Failed
Traceback (most recent call last):
  File "C:\Users\admin\AppData\Local\Programs\Python\Python314\Lib\site-packages\mysql\connector\connection_cext.py", line 354, in _open_connection
    self._cmysql.connect(**cnx_kwargs)
    ~~~~~~~~~~~~~~~~~~~~^^^^^^^^^^^^^^
_mysql_connector.MySQLInterfaceError: Can't connect to MySQL server on '192.168.137.130:3306' (10060)

The above exception was the direct cause of the following exception:

Traceback (most recent call last):
  File "C:\ISEC\PDF_Downloader_Automation\main.py", line 53, in run_website
    function()
    ~~~~~~~~^^
  File "C:\ISEC\PDF_Downloader_Automation\extractors\nse.py", line 98, in download_nse
    if pdf_exists("NSE", filename):
       ~~~~~~~~~~^^^^^^^^^^^^^^^^^
  File "C:\ISEC\PDF_Downloader_Automation\extractors\db.py", line 15, in pdf_exists
    conn = get_connection()
  File "C:\ISEC\PDF_Downloader_Automation\extractors\db.py", line 6, in get_connection
    return mysql.connector.connect(
           ~~~~~~~~~~~~~~~~~~~~~~~^
        host="192.168.137.130",
        ^^^^^^^^^^^^^^^^^^^^^^^
    ...<2 lines>...
        database="file_downloader"
        ^^^^^^^^^^^^^^^^^^^^^^^^^^
    )
    ^
  File "C:\Users\admin\AppData\Local\Programs\Python\Python314\Lib\site-packages\mysql\connector\pooling.py", line 322, in connect
    return CMySQLConnection(*args, **kwargs)
  File "C:\Users\admin\AppData\Local\Programs\Python\Python314\Lib\site-packages\mysql\connector\connection_cext.py", line 142, in __init__
    self.connect(**kwargs)
    ~~~~~~~~~~~~^^^^^^^^^^
  File "C:\Users\admin\AppData\Local\Programs\Python\Python314\Lib\site-packages\mysql\connector\abstracts.py", line 1604, in connect
    self._open_connection()
    ~~~~~~~~~~~~~~~~~~~~~^^
  File "C:\Users\admin\AppData\Local\Programs\Python\Python314\Lib\site-packages\mysql\connector\connection_cext.py", line 360, in _open_connection
    raise get_mysql_exception(
        err.errno, msg=err.msg, sqlstate=err.sqlstate
    ) from err
mysql.connector.errors.DatabaseError: 2003 (HY000): Can't connect to MySQL server on '192.168.137.130:3306' (10060)
2026-07-01 14:49:45,619 INFO     ────────────────────────────────────────────────────────────
2026-07-01 14:49:45,619 INFO     Running CDSL
2026-07-01 14:49:47,581 INFO     CDSL Completed Successfully
2026-07-01 14:49:47,583 INFO     ────────────────────────────────────────────────────────────
2026-07-01 14:49:47,584 INFO     Running MCX
2026-07-01 14:49:49,414 INFO     MCX Completed Successfully
2026-07-01 14:49:49,415 INFO     ────────────────────────────────────────────────────────────
2026-07-01 14:49:49,415 INFO     Summary
2026-07-01 14:49:49,416 INFO     
2026-07-01 14:49:49,416 INFO     Run completed in 26.5 seconds
2026-07-01 14:49:49,417 INFO     Downloads saved under: C:\ISEC\PDF_Downloader_Automation\downloads
2026-07-01 14:49:49,418 INFO     ════════════════════════════════════════════════════════════
2026-07-01 14:49:49,418 INFO     
2026-07-01 14:50:36,977 INFO     ════════════════════════════════════════════════════════════
2026-07-01 14:50:36,978 INFO     Scraping run started at 2026-07-01 14:50:36
2026-07-01 14:50:36,978 INFO     ════════════════════════════════════════════════════════════
2026-07-01 14:50:36,979 INFO     ────────────────────────────────────────────────────────────
2026-07-01 14:50:36,979 INFO     Running NSE
2026-07-01 14:50:38,556 INFO     NSE Completed Successfully
2026-07-01 14:50:38,557 INFO     ────────────────────────────────────────────────────────────
2026-07-01 14:50:38,557 INFO     Running CDSL
2026-07-01 14:50:40,423 INFO     CDSL Completed Successfully
2026-07-01 14:50:40,424 INFO     ────────────────────────────────────────────────────────────
2026-07-01 14:50:40,424 INFO     Running MCX
2026-07-01 14:50:42,117 INFO     MCX Completed Successfully
2026-07-01 14:50:42,118 INFO     ────────────────────────────────────────────────────────────
2026-07-01 14:50:42,118 INFO     Summary
2026-07-01 14:50:42,119 INFO     
2026-07-01 14:50:42,119 INFO     Run completed in 5.1 seconds
2026-07-01 14:50:42,121 INFO     Downloads saved under: C:\ISEC\PDF_Downloader_Automation\downloads
2026-07-01 14:50:42,122 INFO     ════════════════════════════════════════════════════════════
2026-07-01 14:50:42,122 INFO     
2026-07-01 14:59:08,940 INFO     ════════════════════════════════════════════════════════════
2026-07-01 14:59:08,941 INFO     Scraping run started at 2026-07-01 14:59:08
2026-07-01 14:59:08,942 INFO     ════════════════════════════════════════════════════════════
2026-07-01 14:59:08,942 INFO     ────────────────────────────────────────────────────────────
2026-07-01 14:59:08,942 INFO     Running NSE
2026-07-01 14:59:25,591 INFO     NSE Completed Successfully
2026-07-01 14:59:25,592 INFO     ────────────────────────────────────────────────────────────
2026-07-01 14:59:25,592 INFO     Running CDSL
2026-07-01 14:59:27,483 INFO     CDSL Completed Successfully
2026-07-01 14:59:27,484 INFO     ────────────────────────────────────────────────────────────
2026-07-01 14:59:27,484 INFO     Running MCX
2026-07-01 14:59:29,153 INFO     MCX Completed Successfully
2026-07-01 14:59:29,154 INFO     ────────────────────────────────────────────────────────────
2026-07-01 14:59:29,154 INFO     Summary
2026-07-01 14:59:29,154 INFO     
2026-07-01 14:59:29,155 INFO     Run completed in 20.2 seconds
2026-07-01 14:59:29,156 INFO     Downloads saved under: C:\ISEC\PDF_Downloader_Automation\downloads
2026-07-01 14:59:29,156 INFO     ════════════════════════════════════════════════════════════
2026-07-01 14:59:29,157 INFO     
2026-07-01 15:00:02,903 INFO     ════════════════════════════════════════════════════════════
2026-07-01 15:00:02,903 INFO     Scraping run started at 2026-07-01 15:00:02
2026-07-01 15:00:02,904 INFO     ════════════════════════════════════════════════════════════
2026-07-01 15:00:02,904 INFO     ────────────────────────────────────────────────────────────
2026-07-01 15:00:02,905 INFO     Running NSE
2026-07-01 15:00:04,043 INFO     NSE Completed Successfully
2026-07-01 15:00:04,044 INFO     ────────────────────────────────────────────────────────────
2026-07-01 15:00:04,044 INFO     Running BSE
2026-07-01 15:00:06,028 INFO     BSE Completed Successfully
2026-07-01 15:00:06,028 INFO     ────────────────────────────────────────────────────────────
2026-07-01 15:00:06,029 INFO     Running CDSL
2026-07-01 15:00:07,995 INFO     CDSL Completed Successfully
2026-07-01 15:00:07,995 INFO     ────────────────────────────────────────────────────────────
2026-07-01 15:00:07,996 INFO     Running AMFI
2026-07-01 15:00:13,694 INFO     AMFI Completed Successfully
2026-07-01 15:00:13,694 INFO     ────────────────────────────────────────────────────────────
2026-07-01 15:00:13,695 INFO     Running ARCL
2026-07-01 15:00:54,705 INFO     ARCL Completed Successfully
2026-07-01 15:00:54,705 INFO     ────────────────────────────────────────────────────────────
2026-07-01 15:00:54,706 INFO     Running CKYC
2026-07-01 15:01:34,679 INFO     CKYC Completed Successfully
2026-07-01 15:01:34,680 INFO     ────────────────────────────────────────────────────────────
2026-07-01 15:01:34,680 INFO     Running MCX
2026-07-01 15:01:36,347 INFO     MCX Completed Successfully
2026-07-01 15:01:36,347 INFO     ────────────────────────────────────────────────────────────
2026-07-01 15:01:36,348 INFO     Running APMI
2026-07-01 15:01:48,855 INFO     APMI Completed Successfully
2026-07-01 15:01:48,855 INFO     ────────────────────────────────────────────────────────────
2026-07-01 15:01:48,856 INFO     Running PFRDA
2026-07-01 15:02:20,337 INFO     PFRDA Completed Successfully
2026-07-01 15:02:20,337 INFO     ────────────────────────────────────────────────────────────
2026-07-01 15:02:20,338 INFO     Running NSDL
2026-07-01 15:02:22,227 INFO     NSDL Completed Successfully
2026-07-01 15:02:22,227 INFO     ────────────────────────────────────────────────────────────
2026-07-01 15:02:22,228 INFO     Running SEBI
2026-07-01 15:02:23,265 INFO     SEBI Completed Successfully
2026-07-01 15:02:23,265 INFO     ────────────────────────────────────────────────────────────
2026-07-01 15:02:23,265 INFO     Running IRDAI
2026-07-01 15:02:24,546 INFO     IRDAI Completed Successfully
2026-07-01 15:02:24,547 INFO     ────────────────────────────────────────────────────────────
2026-07-01 15:02:24,547 INFO     Summary
2026-07-01 15:02:24,547 INFO     
2026-07-01 15:02:24,548 INFO     Run completed in 141.6 seconds
2026-07-01 15:02:24,549 INFO     Downloads saved under: C:\ISEC\PDF_Downloader_Automation\downloads
2026-07-01 15:02:24,549 INFO     ════════════════════════════════════════════════════════════
2026-07-01 15:02:24,550 INFO     
2026-07-01 15:03:51,224 INFO     ════════════════════════════════════════════════════════════
2026-07-01 15:03:51,224 INFO     Scraping run started at 2026-07-01 15:03:51
2026-07-01 15:03:51,225 INFO     ════════════════════════════════════════════════════════════
2026-07-01 15:03:51,225 INFO     ────────────────────────────────────────────────────────────
2026-07-01 15:03:51,226 INFO     Running NSE
2026-07-01 15:03:52,677 INFO     NSE Completed Successfully
2026-07-01 15:03:52,677 INFO     ────────────────────────────────────────────────────────────
2026-07-01 15:03:52,678 INFO     Running BSE
2026-07-01 15:03:54,501 INFO     BSE Completed Successfully
2026-07-01 15:03:54,501 INFO     ────────────────────────────────────────────────────────────
2026-07-01 15:03:54,501 INFO     Running CDSL
2026-07-01 15:03:56,831 INFO     CDSL Completed Successfully
2026-07-01 15:03:56,832 INFO     ────────────────────────────────────────────────────────────
2026-07-01 15:03:56,832 INFO     Running AMFI
2026-07-01 15:04:03,650 INFO     AMFI Completed Successfully
2026-07-01 15:04:03,650 INFO     ────────────────────────────────────────────────────────────
2026-07-01 15:04:03,650 INFO     Running ARCL
2026-07-01 15:04:40,691 INFO     ARCL Completed Successfully
2026-07-01 15:04:40,691 INFO     ────────────────────────────────────────────────────────────
2026-07-01 15:04:40,691 INFO     Running CKYC
2026-07-01 15:05:14,416 INFO     CKYC Completed Successfully
2026-07-01 15:05:14,417 INFO     ────────────────────────────────────────────────────────────
2026-07-01 15:05:14,417 INFO     Running MCX
2026-07-01 15:05:16,075 INFO     MCX Completed Successfully
2026-07-01 15:05:16,075 INFO     ────────────────────────────────────────────────────────────
2026-07-01 15:05:16,075 INFO     Running APMI
2026-07-01 15:05:26,986 INFO     APMI Completed Successfully
2026-07-01 15:05:26,986 INFO     ────────────────────────────────────────────────────────────
2026-07-01 15:05:26,986 INFO     Running PFRDA
2026-07-01 15:06:01,884 INFO     PFRDA Completed Successfully
2026-07-01 15:06:01,885 INFO     ────────────────────────────────────────────────────────────
2026-07-01 15:06:01,885 INFO     Running NSDL
2026-07-01 15:06:05,700 INFO     ════════════════════════════════════════════════════════════
2026-07-01 15:06:05,700 INFO     Scraping run started at 2026-07-01 15:06:05
2026-07-01 15:06:05,701 INFO     ════════════════════════════════════════════════════════════
2026-07-01 15:06:05,701 INFO     ────────────────────────────────────────────────────────────
2026-07-01 15:06:05,701 INFO     Running CKYC
2026-07-01 15:06:36,767 INFO     CKYC Completed Successfully
2026-07-01 15:06:36,767 INFO     ────────────────────────────────────────────────────────────
2026-07-01 15:06:36,767 INFO     Summary
2026-07-01 15:06:36,767 INFO     
2026-07-01 15:06:36,768 INFO     Run completed in 31.1 seconds
2026-07-01 15:06:36,769 INFO     Downloads saved under: C:\ISEC\PDF_Downloader_Automation\downloads
2026-07-01 15:06:36,769 INFO     ════════════════════════════════════════════════════════════
2026-07-01 15:06:36,770 INFO     
2026-07-01 15:09:50,262 INFO     ════════════════════════════════════════════════════════════
2026-07-01 15:09:50,262 INFO     Scraping run started at 2026-07-01 15:09:50
2026-07-01 15:09:50,263 INFO     ════════════════════════════════════════════════════════════
2026-07-01 15:09:50,263 INFO     ────────────────────────────────────────────────────────────
2026-07-01 15:09:50,264 INFO     Running CKYC
2026-07-01 15:09:55,434 INFO     CKYC Completed Successfully
2026-07-01 15:09:55,434 INFO     ────────────────────────────────────────────────────────────
2026-07-01 15:09:55,437 INFO     Summary
2026-07-01 15:09:55,437 INFO     
2026-07-01 15:09:55,438 INFO     Run completed in 5.2 seconds
2026-07-01 15:09:55,439 INFO     Downloads saved under: C:\ISEC\PDF_Downloader_Automation\downloads
2026-07-01 15:09:55,440 INFO     ════════════════════════════════════════════════════════════
2026-07-01 15:09:55,440 INFO     
2026-07-02 11:33:12,829 INFO     ════════════════════════════════════════════════════════════
2026-07-02 11:33:12,830 INFO     Scraping run started at 2026-07-02 11:33:12
2026-07-02 11:33:12,831 INFO     ════════════════════════════════════════════════════════════
2026-07-02 11:33:12,831 INFO     ────────────────────────────────────────────────────────────
2026-07-02 11:33:12,831 INFO     Running NSE
2026-07-02 11:33:14,137 INFO     NSE Completed Successfully
2026-07-02 11:33:14,138 INFO     ────────────────────────────────────────────────────────────
2026-07-02 11:33:14,138 INFO     Running BSE
2026-07-02 11:33:14,966 INFO     BSE Completed Successfully
2026-07-02 11:33:14,967 INFO     ────────────────────────────────────────────────────────────
2026-07-02 11:33:14,967 INFO     Running CDSL
2026-07-02 11:33:16,908 INFO     CDSL Completed Successfully
2026-07-02 11:33:16,908 INFO     ────────────────────────────────────────────────────────────
2026-07-02 11:33:16,909 INFO     Running AMFI
2026-07-02 11:33:38,759 ERROR    AMFI Failed
Traceback (most recent call last):
  File "C:\Users\admin\AppData\Local\Programs\Python\Python314\Lib\site-packages\mysql\connector\network.py", line 758, in open_connection
    self.sock.connect(sockaddr)
    ~~~~~~~~~~~~~~~~~^^^^^^^^^^
TimeoutError: [WinError 10060] A connection attempt failed because the connected party did not properly respond after a period of time, or established connection failed because connected host has failed to respond

The above exception was the direct cause of the following exception:

Traceback (most recent call last):
  File "C:\ISEC\PDF_Downloader_Automation\main.py", line 53, in run_website
    function()
    ~~~~~~~~^^
  File "C:\ISEC\PDF_Downloader_Automation\extractors\amfi.py", line 128, in download_amfi
    if pdf_exists("AMFI", filename):
       ~~~~~~~~~~^^^^^^^^^^^^^^^^^^
  File "C:\ISEC\PDF_Downloader_Automation\extractors\db.py", line 15, in pdf_exists
    conn = get_connection()
  File "C:\ISEC\PDF_Downloader_Automation\extractors\db.py", line 6, in get_connection
    return mysql.connector.connect(
           ~~~~~~~~~~~~~~~~~~~~~~~^
        host="localhost",
        ^^^^^^^^^^^^^^^^^
    ...<2 lines>...
        database="file_downloader"
        ^^^^^^^^^^^^^^^^^^^^^^^^^^
    )
    ^
  File "C:\Users\admin\AppData\Local\Programs\Python\Python314\Lib\site-packages\mysql\connector\pooling.py", line 323, in connect
    return MySQLConnection(*args, **kwargs)
  File "C:\Users\admin\AppData\Local\Programs\Python\Python314\Lib\site-packages\mysql\connector\connection.py", line 180, in __init__
    self.connect(**kwargs)
    ~~~~~~~~~~~~^^^^^^^^^^
  File "C:\Users\admin\AppData\Local\Programs\Python\Python314\Lib\site-packages\mysql\connector\abstracts.py", line 1360, in connect
    self._open_connection()
    ~~~~~~~~~~~~~~~~~~~~~^^
  File "C:\Users\admin\AppData\Local\Programs\Python\Python314\Lib\site-packages\mysql\connector\connection.py", line 359, in _open_connection
    self._socket.open_connection()
    ~~~~~~~~~~~~~~~~~~~~~~~~~~~~^^
  File "C:\Users\admin\AppData\Local\Programs\Python\Python314\Lib\site-packages\mysql\connector\network.py", line 760, in open_connection
    raise InterfaceError(
    ...<6 lines>...
    ) from err
mysql.connector.errors.InterfaceError: 2003: Can't connect to MySQL server on '192.168.137.130:3306' (10060 A connection attempt failed because the connected party did not properly respond after a period of time, or established connection failed because connected host has failed to respond)
2026-07-02 11:33:38,829 INFO     ────────────────────────────────────────────────────────────
2026-07-02 11:33:38,829 INFO     Running ARCL
2026-07-02 11:33:50,167 INFO     ════════════════════════════════════════════════════════════
2026-07-02 11:33:50,168 INFO     Scraping run started at 2026-07-02 11:33:50
2026-07-02 11:33:50,168 INFO     ════════════════════════════════════════════════════════════
2026-07-02 11:33:50,169 INFO     ────────────────────────────────────────────────────────────
2026-07-02 11:33:50,169 INFO     Running NSE
2026-07-02 11:33:51,208 INFO     NSE Completed Successfully
2026-07-02 11:33:51,209 INFO     ────────────────────────────────────────────────────────────
2026-07-02 11:33:51,209 INFO     Running BSE
2026-07-02 11:33:51,953 INFO     BSE Completed Successfully
2026-07-02 11:33:51,953 INFO     ────────────────────────────────────────────────────────────
2026-07-02 11:33:51,954 INFO     Running CDSL
2026-07-02 11:33:53,821 INFO     CDSL Completed Successfully
2026-07-02 11:33:53,821 INFO     ────────────────────────────────────────────────────────────
2026-07-02 11:33:53,822 INFO     Running AMFI
2026-07-02 11:34:00,206 INFO     AMFI Completed Successfully
2026-07-02 11:34:00,206 INFO     ────────────────────────────────────────────────────────────
2026-07-02 11:34:00,206 INFO     Running ARCL
2026-07-02 11:34:39,767 INFO     ARCL Completed Successfully
2026-07-02 11:34:39,767 INFO     ────────────────────────────────────────────────────────────
2026-07-02 11:34:39,768 INFO     Running CKYC
2026-07-02 11:34:44,151 INFO     CKYC Completed Successfully
2026-07-02 11:34:44,151 INFO     ────────────────────────────────────────────────────────────
2026-07-02 11:34:44,152 INFO     Running MCX
2026-07-02 11:34:45,834 INFO     MCX Completed Successfully
2026-07-02 11:34:45,834 INFO     ────────────────────────────────────────────────────────────
2026-07-02 11:34:45,834 INFO     Running APMI
2026-07-02 11:34:57,476 INFO     APMI Completed Successfully
2026-07-02 11:34:57,476 INFO     ────────────────────────────────────────────────────────────
2026-07-02 11:34:57,476 INFO     Running PFRDA
2026-07-02 11:35:28,455 INFO     PFRDA Completed Successfully
2026-07-02 11:35:28,456 INFO     ────────────────────────────────────────────────────────────
2026-07-02 11:35:28,456 INFO     Running NSDL
2026-07-02 11:35:31,149 INFO     NSDL Completed Successfully
2026-07-02 11:35:31,149 INFO     ────────────────────────────────────────────────────────────
2026-07-02 11:35:31,149 INFO     Running SEBI
2026-07-02 11:35:32,814 INFO     SEBI Completed Successfully
2026-07-02 11:35:32,815 INFO     ────────────────────────────────────────────────────────────
2026-07-02 11:35:32,815 INFO     Running IRDAI
2026-07-02 11:35:34,390 INFO     IRDAI Completed Successfully
2026-07-02 11:35:34,391 INFO     ────────────────────────────────────────────────────────────
2026-07-02 11:35:34,391 INFO     Summary
2026-07-02 11:35:34,391 INFO     
2026-07-02 11:35:34,392 INFO     Run completed in 104.2 seconds
2026-07-02 11:35:34,393 INFO     Downloads saved under: C:\ISEC\PDF_Downloader_Automation\downloads
2026-07-02 11:35:34,393 INFO     ════════════════════════════════════════════════════════════
2026-07-02 11:35:34,393 INFO     
2026-07-02 11:59:54,492 INFO     ════════════════════════════════════════════════════════════
2026-07-02 11:59:54,494 INFO     Scraping run started at 2026-07-02 11:59:54
2026-07-02 11:59:54,494 INFO     ════════════════════════════════════════════════════════════
2026-07-02 11:59:54,494 INFO     ────────────────────────────────────────────────────────────
2026-07-02 11:59:54,495 INFO     Running NSE
2026-07-02 11:59:55,681 INFO     NSE Completed Successfully
2026-07-02 11:59:55,681 INFO     ────────────────────────────────────────────────────────────
2026-07-02 11:59:55,682 INFO     Running BSE
2026-07-02 11:59:56,602 INFO     BSE Completed Successfully
2026-07-02 11:59:56,602 INFO     ────────────────────────────────────────────────────────────
2026-07-02 11:59:56,603 INFO     Running CDSL
2026-07-02 11:59:58,590 INFO     CDSL Completed Successfully
2026-07-02 11:59:58,590 INFO     ────────────────────────────────────────────────────────────
2026-07-02 11:59:58,590 INFO     Running AMFI
2026-07-02 12:00:05,209 INFO     AMFI Completed Successfully
2026-07-02 12:00:05,209 INFO     ────────────────────────────────────────────────────────────
2026-07-02 12:00:05,209 INFO     Running ARCL
2026-07-02 12:00:49,716 INFO     ARCL Completed Successfully
2026-07-02 12:00:49,716 INFO     ────────────────────────────────────────────────────────────
2026-07-02 12:00:49,717 INFO     Running CKYC
2026-07-02 12:00:55,501 INFO     CKYC Completed Successfully
2026-07-02 12:00:55,501 INFO     ────────────────────────────────────────────────────────────
2026-07-02 12:00:55,502 INFO     Running MCX
2026-07-02 12:00:57,332 INFO     MCX Completed Successfully
2026-07-02 12:00:57,333 INFO     ────────────────────────────────────────────────────────────
2026-07-02 12:00:57,333 INFO     Running APMI
2026-07-02 12:01:12,646 INFO     APMI Completed Successfully
2026-07-02 12:01:12,646 INFO     ────────────────────────────────────────────────────────────
2026-07-02 12:01:12,646 INFO     Running PFRDA
2026-07-02 12:01:53,638 INFO     PFRDA Completed Successfully
2026-07-02 12:01:53,638 INFO     ────────────────────────────────────────────────────────────
2026-07-02 12:01:53,639 INFO     Running NSDL
2026-07-02 12:01:55,100 INFO     NSDL Completed Successfully
2026-07-02 12:01:55,100 INFO     ────────────────────────────────────────────────────────────
2026-07-02 12:01:55,101 INFO     Running SEBI
2026-07-02 12:01:56,155 INFO     SEBI Completed Successfully
2026-07-02 12:01:56,155 INFO     ────────────────────────────────────────────────────────────
2026-07-02 12:01:56,156 INFO     Running IRDAI
2026-07-02 12:01:57,963 INFO     IRDAI Completed Successfully
2026-07-02 12:01:57,963 INFO     ────────────────────────────────────────────────────────────
2026-07-02 12:01:57,963 INFO     Summary
2026-07-02 12:01:57,964 INFO     
2026-07-02 12:01:57,964 INFO     Run completed in 123.5 seconds
2026-07-02 12:01:57,965 INFO     Downloads saved under: C:\ISEC\PDF_Downloader_Automation\downloads
2026-07-02 12:01:57,966 INFO     ════════════════════════════════════════════════════════════
2026-07-02 12:01:57,966 INFO     
2026-07-02 12:43:39,252 INFO     ════════════════════════════════════════════════════════════
2026-07-02 12:43:39,254 INFO     Scraping run started at 2026-07-02 12:43:39
2026-07-02 12:43:39,254 INFO     ════════════════════════════════════════════════════════════
2026-07-02 12:43:39,254 INFO     ────────────────────────────────────────────────────────────
2026-07-02 12:43:39,255 INFO     Running NSE
2026-07-02 12:43:40,412 INFO     NSE Completed Successfully
2026-07-02 12:43:40,412 INFO     ────────────────────────────────────────────────────────────
2026-07-02 12:43:40,413 INFO     Running BSE
2026-07-02 12:43:42,401 INFO     BSE Completed Successfully
2026-07-02 12:43:42,401 INFO     ────────────────────────────────────────────────────────────
2026-07-02 12:43:42,401 INFO     Running CDSL
2026-07-02 12:43:44,622 INFO     CDSL Completed Successfully
2026-07-02 12:43:44,622 INFO     ────────────────────────────────────────────────────────────
2026-07-02 12:43:44,623 INFO     Running AMFI
2026-07-02 12:43:53,290 INFO     AMFI Completed Successfully
2026-07-02 12:43:53,290 INFO     ────────────────────────────────────────────────────────────
2026-07-02 12:43:53,290 INFO     Running ARCL
2026-07-02 12:44:37,626 INFO     ARCL Completed Successfully
2026-07-02 12:44:37,627 INFO     ────────────────────────────────────────────────────────────
2026-07-02 12:44:37,627 INFO     Running CKYC
2026-07-02 12:44:42,595 INFO     CKYC Completed Successfully
2026-07-02 12:44:42,596 INFO     ────────────────────────────────────────────────────────────
2026-07-02 12:44:42,596 INFO     Running MCX
2026-07-02 12:44:44,344 INFO     MCX Completed Successfully
2026-07-02 12:44:44,344 INFO     ────────────────────────────────────────────────────────────
2026-07-02 12:44:44,344 INFO     Running APMI
2026-07-02 12:44:58,773 INFO     APMI Completed Successfully
2026-07-02 12:44:58,774 INFO     ────────────────────────────────────────────────────────────
2026-07-02 12:44:58,774 INFO     Running PFRDA
2026-07-02 12:45:31,815 INFO     PFRDA Completed Successfully
2026-07-02 12:45:31,815 INFO     ────────────────────────────────────────────────────────────
2026-07-02 12:45:31,816 INFO     Running NSDL
2026-07-02 12:45:34,021 INFO     NSDL Completed Successfully
2026-07-02 12:45:34,021 INFO     ────────────────────────────────────────────────────────────
2026-07-02 12:45:34,022 INFO     Running SEBI
2026-07-02 12:45:35,136 INFO     SEBI Completed Successfully
2026-07-02 12:45:35,136 INFO     ────────────────────────────────────────────────────────────
2026-07-02 12:45:35,137 INFO     Running IRDAI
2026-07-02 12:45:36,553 INFO     IRDAI Completed Successfully
2026-07-02 12:45:36,553 INFO     ────────────────────────────────────────────────────────────
2026-07-02 12:45:36,553 INFO     Summary
2026-07-02 12:45:36,554 INFO     
2026-07-02 12:45:36,554 INFO     Run completed in 117.3 seconds
2026-07-02 12:45:36,555 INFO     Downloads saved under: C:\ISEC\PDF_Downloader_Automation\downloads
2026-07-02 12:45:36,556 INFO     ════════════════════════════════════════════════════════════
2026-07-02 12:45:36,556 INFO     
2026-07-02 13:40:20,906 INFO     ════════════════════════════════════════════════════════════
2026-07-02 13:40:20,909 INFO     Scraping run started at 2026-07-02 13:40:20
2026-07-02 13:40:20,910 INFO     ════════════════════════════════════════════════════════════
2026-07-02 13:40:20,910 INFO     ────────────────────────────────────────────────────────────
2026-07-02 13:40:20,911 INFO     Running NSE
2026-07-02 13:40:22,134 INFO     NSE Completed Successfully
2026-07-02 13:40:22,135 INFO     ────────────────────────────────────────────────────────────
2026-07-02 13:40:22,135 INFO     Running BSE
2026-07-02 13:40:24,592 INFO     BSE Completed Successfully
2026-07-02 13:40:24,593 INFO     ────────────────────────────────────────────────────────────
2026-07-02 13:40:24,593 INFO     Running CDSL
2026-07-02 13:40:26,680 INFO     CDSL Completed Successfully
2026-07-02 13:40:26,680 INFO     ────────────────────────────────────────────────────────────
2026-07-02 13:40:26,681 INFO     Running AMFI
2026-07-02 13:40:33,427 INFO     AMFI Completed Successfully
2026-07-02 13:40:33,428 INFO     ────────────────────────────────────────────────────────────
2026-07-02 13:40:33,428 INFO     Running ARCL
2026-07-02 13:41:20,440 INFO     ARCL Completed Successfully
2026-07-02 13:41:20,441 INFO     ────────────────────────────────────────────────────────────
2026-07-02 13:41:20,441 INFO     Running CKYC
2026-07-02 13:41:25,805 INFO     CKYC Completed Successfully
2026-07-02 13:41:25,805 INFO     ────────────────────────────────────────────────────────────
2026-07-02 13:41:25,806 INFO     Running MCX
2026-07-02 13:41:27,492 INFO     MCX Completed Successfully
2026-07-02 13:41:27,492 INFO     ────────────────────────────────────────────────────────────
2026-07-02 13:41:27,492 INFO     Running APMI
2026-07-02 13:41:39,444 INFO     APMI Completed Successfully
2026-07-02 13:41:39,444 INFO     ────────────────────────────────────────────────────────────
2026-07-02 13:41:39,444 INFO     Running PFRDA
2026-07-02 13:42:12,896 INFO     PFRDA Completed Successfully
2026-07-02 13:42:12,896 INFO     ────────────────────────────────────────────────────────────
2026-07-02 13:42:12,897 INFO     Running NSDL
2026-07-02 13:42:14,206 INFO     NSDL Completed Successfully
2026-07-02 13:42:14,206 INFO     ────────────────────────────────────────────────────────────
2026-07-02 13:42:14,207 INFO     Running SEBI
2026-07-02 13:42:15,195 INFO     SEBI Completed Successfully
2026-07-02 13:42:15,195 INFO     ────────────────────────────────────────────────────────────
2026-07-02 13:42:15,196 INFO     Running IRDAI
2026-07-02 13:42:16,995 INFO     IRDAI Completed Successfully
2026-07-02 13:42:16,995 INFO     ────────────────────────────────────────────────────────────
2026-07-02 13:42:16,996 INFO     Summary
2026-07-02 13:42:16,996 INFO     
2026-07-02 13:42:16,997 INFO     Run completed in 116.1 seconds
2026-07-02 13:42:16,998 INFO     Downloads saved under: C:\ISEC\PDF_Downloader_Automation\downloads
2026-07-02 13:42:16,998 INFO     ════════════════════════════════════════════════════════════
2026-07-02 13:42:16,998 INFO     
2026-07-02 14:37:43,445 INFO     ════════════════════════════════════════════════════════════
2026-07-02 14:37:43,446 INFO     Scraping run started at 2026-07-02 14:37:43
2026-07-02 14:37:43,446 INFO     ════════════════════════════════════════════════════════════
2026-07-02 14:37:43,446 INFO     ────────────────────────────────────────────────────────────
2026-07-02 14:37:43,446 INFO     Running NSE
2026-07-02 14:37:44,174 INFO     NSE Completed Successfully
2026-07-02 14:37:44,174 INFO     ────────────────────────────────────────────────────────────
2026-07-02 14:37:44,174 INFO     Running BSE
2026-07-02 14:37:46,593 INFO     BSE Completed Successfully
2026-07-02 14:37:46,593 INFO     ────────────────────────────────────────────────────────────
2026-07-02 14:37:46,593 INFO     Running CDSL
2026-07-02 14:37:48,168 INFO     CDSL Completed Successfully
2026-07-02 14:37:48,168 INFO     ────────────────────────────────────────────────────────────
2026-07-02 14:37:48,168 INFO     Running AMFI
2026-07-02 14:37:50,860 INFO     AMFI Completed Successfully
2026-07-02 14:37:50,861 INFO     ────────────────────────────────────────────────────────────
2026-07-02 14:37:50,861 INFO     Running ARCL
2026-07-02 14:38:08,644 INFO     ARCL Completed Successfully
2026-07-02 14:38:08,644 INFO     ────────────────────────────────────────────────────────────
2026-07-02 14:38:08,644 INFO     Running CKYC
2026-07-02 14:38:10,665 INFO     CKYC Completed Successfully
2026-07-02 14:38:10,665 INFO     ────────────────────────────────────────────────────────────
2026-07-02 14:38:10,665 INFO     Running MCX
2026-07-02 14:38:11,921 INFO     MCX Completed Successfully
2026-07-02 14:38:11,921 INFO     ────────────────────────────────────────────────────────────
2026-07-02 14:38:11,921 INFO     Running APMI
2026-07-02 14:38:16,849 INFO     APMI Completed Successfully
2026-07-02 14:38:16,849 INFO     ────────────────────────────────────────────────────────────
2026-07-02 14:38:16,849 INFO     Running PFRDA
2026-07-02 14:38:34,090 INFO     PFRDA Completed Successfully
2026-07-02 14:38:34,090 INFO     ────────────────────────────────────────────────────────────
2026-07-02 14:38:34,090 INFO     Running NSDL
2026-07-02 14:38:34,782 INFO     NSDL Completed Successfully
2026-07-02 14:38:34,783 INFO     ────────────────────────────────────────────────────────────
2026-07-02 14:38:34,783 INFO     Running SEBI
2026-07-02 14:38:35,381 INFO     SEBI Completed Successfully
2026-07-02 14:38:35,381 INFO     ────────────────────────────────────────────────────────────
2026-07-02 14:38:35,382 INFO     Running IRDAI
2026-07-02 14:38:37,296 INFO     IRDAI Completed Successfully
2026-07-02 14:38:37,296 INFO     ────────────────────────────────────────────────────────────
2026-07-02 14:38:37,296 INFO     Summary
2026-07-02 14:38:37,297 INFO     
2026-07-02 14:38:37,297 INFO     Run completed in 53.9 seconds
2026-07-02 14:38:37,297 INFO     Downloads saved under: C:\ISEC\PDF_Downloader_Automation\downloads
2026-07-02 14:38:37,297 INFO     ════════════════════════════════════════════════════════════
2026-07-02 14:38:37,297 INFO     
2026-07-02 14:45:09,784 INFO     ════════════════════════════════════════════════════════════
2026-07-02 14:45:09,785 INFO     Scraping run started at 2026-07-02 14:45:09
2026-07-02 14:45:09,785 INFO     ════════════════════════════════════════════════════════════
2026-07-02 14:45:09,785 INFO     ────────────────────────────────────────────────────────────
2026-07-02 14:45:09,785 INFO     Running NSE
2026-07-02 14:45:10,554 INFO     NSE Completed Successfully
2026-07-02 14:45:10,554 INFO     ────────────────────────────────────────────────────────────
2026-07-02 14:45:10,554 INFO     Running BSE
2026-07-02 14:45:11,702 INFO     BSE Completed Successfully
2026-07-02 14:45:11,702 INFO     ────────────────────────────────────────────────────────────
2026-07-02 14:45:11,703 INFO     Running CDSL
2026-07-02 14:45:13,341 INFO     CDSL Completed Successfully
2026-07-02 14:45:13,341 INFO     ────────────────────────────────────────────────────────────
2026-07-02 14:45:13,341 INFO     Running AMFI
2026-07-02 14:45:16,022 INFO     AMFI Completed Successfully
2026-07-02 14:45:16,022 INFO     ────────────────────────────────────────────────────────────
2026-07-02 14:45:16,022 INFO     Running ARCL
2026-07-02 14:45:34,118 INFO     ARCL Completed Successfully
2026-07-02 14:45:34,118 INFO     ────────────────────────────────────────────────────────────
2026-07-02 14:45:34,118 INFO     Running CKYC
2026-07-02 14:45:36,147 INFO     CKYC Completed Successfully
2026-07-02 14:45:36,147 INFO     ────────────────────────────────────────────────────────────
2026-07-02 14:45:36,147 INFO     Running MCX
2026-07-02 14:45:37,388 INFO     MCX Completed Successfully
2026-07-02 14:45:37,388 INFO     ────────────────────────────────────────────────────────────
2026-07-02 14:45:37,388 INFO     Running APMI
2026-07-02 14:45:42,592 INFO     APMI Completed Successfully
2026-07-02 14:45:42,592 INFO     ────────────────────────────────────────────────────────────
2026-07-02 14:45:42,592 INFO     Running PFRDA
2026-07-02 14:46:02,320 INFO     PFRDA Completed Successfully
2026-07-02 14:46:02,320 INFO     ────────────────────────────────────────────────────────────
2026-07-02 14:46:02,320 INFO     Running NSDL
2026-07-02 14:46:03,626 INFO     NSDL Completed Successfully
2026-07-02 14:46:03,626 INFO     ────────────────────────────────────────────────────────────
2026-07-02 14:46:03,626 INFO     Running SEBI
2026-07-02 14:46:04,241 INFO     SEBI Completed Successfully
2026-07-02 14:46:04,241 INFO     ────────────────────────────────────────────────────────────
2026-07-02 14:46:04,241 INFO     Running IRDAI
2026-07-02 14:46:05,117 INFO     IRDAI Completed Successfully
2026-07-02 14:46:05,117 INFO     ────────────────────────────────────────────────────────────
2026-07-02 14:46:05,117 INFO     Summary
2026-07-02 14:46:05,117 INFO     
2026-07-02 14:46:05,117 INFO     Run completed in 55.3 seconds
2026-07-02 14:46:05,118 INFO     Downloads saved under: C:\ISEC\PDF_Downloader_Automation\downloads
2026-07-02 14:46:05,118 INFO     ════════════════════════════════════════════════════════════
2026-07-02 14:46:05,118 INFO     
2026-07-02 15:20:11,086 INFO     ════════════════════════════════════════════════════════════
2026-07-02 15:20:11,086 INFO     Scraping run started at 2026-07-02 15:20:11
2026-07-02 15:20:11,087 INFO     ════════════════════════════════════════════════════════════
2026-07-02 15:20:11,087 INFO     ────────────────────────────────────────────────────────────
2026-07-02 15:20:11,087 INFO     Running NSE
2026-07-02 15:20:11,842 INFO     NSE Completed Successfully
2026-07-02 15:20:11,842 INFO     ────────────────────────────────────────────────────────────
2026-07-02 15:20:11,842 INFO     Running BSE
2026-07-02 15:20:12,521 INFO     BSE Completed Successfully
2026-07-02 15:20:12,522 INFO     ────────────────────────────────────────────────────────────
2026-07-02 15:20:12,522 INFO     Running CDSL
2026-07-02 15:20:14,328 INFO     CDSL Completed Successfully
2026-07-02 15:20:14,328 INFO     ────────────────────────────────────────────────────────────
2026-07-02 15:20:14,329 INFO     Running AMFI
2026-07-02 15:20:17,106 INFO     AMFI Completed Successfully
2026-07-02 15:20:17,106 INFO     ────────────────────────────────────────────────────────────
2026-07-02 15:20:17,106 INFO     Running ARCL
2026-07-02 15:20:36,696 INFO     ARCL Completed Successfully
2026-07-02 15:20:36,696 INFO     ────────────────────────────────────────────────────────────
2026-07-02 15:20:36,696 INFO     Running CKYC
2026-07-02 15:20:39,231 INFO     CKYC Completed Successfully
2026-07-02 15:20:39,232 INFO     ────────────────────────────────────────────────────────────
2026-07-02 15:20:39,232 INFO     Running MCX
2026-07-02 15:20:40,636 INFO     MCX Completed Successfully
2026-07-02 15:20:40,636 INFO     ────────────────────────────────────────────────────────────
2026-07-02 15:20:40,636 INFO     Running APMI
2026-07-02 15:20:46,037 INFO     APMI Completed Successfully
2026-07-02 15:20:46,037 INFO     ────────────────────────────────────────────────────────────
2026-07-02 15:20:46,037 INFO     Running PFRDA
2026-07-02 15:21:05,554 INFO     PFRDA Completed Successfully
2026-07-02 15:21:05,555 INFO     ────────────────────────────────────────────────────────────
2026-07-02 15:21:05,555 INFO     Running NSDL
2026-07-02 15:21:06,770 INFO     NSDL Completed Successfully
2026-07-02 15:21:06,770 INFO     ────────────────────────────────────────────────────────────
2026-07-02 15:21:06,770 INFO     Running SEBI
2026-07-02 15:21:07,396 INFO     SEBI Completed Successfully
2026-07-02 15:21:07,396 INFO     ────────────────────────────────────────────────────────────
2026-07-02 15:21:07,396 INFO     Running IRDAI
2026-07-02 15:21:08,829 INFO     IRDAI Completed Successfully
2026-07-02 15:21:08,830 INFO     ────────────────────────────────────────────────────────────
2026-07-02 15:21:08,830 INFO     Summary
2026-07-02 15:21:08,830 INFO     
2026-07-02 15:21:08,830 INFO     Run completed in 57.7 seconds
2026-07-02 15:21:08,831 INFO     Downloads saved under: C:\ISEC\PDF_Downloader_Automation\downloads
2026-07-02 15:21:08,831 INFO     ════════════════════════════════════════════════════════════
2026-07-02 15:21:08,831 INFO     
2026-07-02 16:49:36,505 INFO     ════════════════════════════════════════════════════════════
2026-07-02 16:49:36,506 INFO     Scraping run started at 2026-07-02 16:49:36
2026-07-02 16:49:36,506 INFO     ════════════════════════════════════════════════════════════
2026-07-02 16:49:36,506 INFO     ────────────────────────────────────────────────────────────
2026-07-02 16:49:36,506 INFO     Running NSE
2026-07-02 16:49:39,266 INFO     NSE Completed Successfully
2026-07-02 16:49:39,266 INFO     ────────────────────────────────────────────────────────────
2026-07-02 16:49:39,267 INFO     Running BSE
2026-07-02 16:49:40,998 INFO     BSE Completed Successfully
2026-07-02 16:49:40,998 INFO     ────────────────────────────────────────────────────────────
2026-07-02 16:49:40,998 INFO     Running CDSL
2026-07-02 16:49:43,070 INFO     CDSL Completed Successfully
2026-07-02 16:49:43,071 INFO     ────────────────────────────────────────────────────────────
2026-07-02 16:49:43,071 INFO     Running AMFI
2026-07-02 16:49:46,254 INFO     AMFI Completed Successfully
2026-07-02 16:49:46,254 INFO     ────────────────────────────────────────────────────────────
2026-07-02 16:49:46,254 INFO     Running ARCL
2026-07-02 16:50:06,255 INFO     ARCL Completed Successfully
2026-07-02 16:50:06,255 INFO     ────────────────────────────────────────────────────────────
2026-07-02 16:50:06,256 INFO     Running CKYC
2026-07-02 16:50:08,395 INFO     CKYC Completed Successfully
2026-07-02 16:50:08,395 INFO     ────────────────────────────────────────────────────────────
2026-07-02 16:50:08,395 INFO     Running MCX
2026-07-02 16:50:11,234 INFO     MCX Completed Successfully
2026-07-02 16:50:11,234 INFO     ────────────────────────────────────────────────────────────
2026-07-02 16:50:11,235 INFO     Running APMI
2026-07-02 16:50:16,360 INFO     APMI Completed Successfully
2026-07-02 16:50:16,360 INFO     ────────────────────────────────────────────────────────────
2026-07-02 16:50:16,360 INFO     Running PFRDA
2026-07-02 16:50:38,493 INFO     PFRDA Completed Successfully
2026-07-02 16:50:38,493 INFO     ────────────────────────────────────────────────────────────
2026-07-02 16:50:38,493 INFO     Running NSDL
2026-07-02 16:50:39,665 INFO     NSDL Completed Successfully
2026-07-02 16:50:39,665 INFO     ────────────────────────────────────────────────────────────
2026-07-02 16:50:39,666 INFO     Running SEBI
2026-07-02 16:50:40,282 INFO     SEBI Completed Successfully
2026-07-02 16:50:40,282 INFO     ────────────────────────────────────────────────────────────
2026-07-02 16:50:40,283 INFO     Running IRDAI
2026-07-02 16:50:41,326 INFO     IRDAI Completed Successfully
2026-07-02 16:50:41,326 INFO     ────────────────────────────────────────────────────────────
2026-07-02 16:50:41,327 INFO     Summary
2026-07-02 16:50:41,327 INFO     
2026-07-02 16:50:41,327 INFO     Run completed in 64.8 seconds
2026-07-02 16:50:41,327 INFO     Downloads saved under: C:\ISEC\PDF_Downloader_Automation\downloads
2026-07-02 16:50:41,328 INFO     ════════════════════════════════════════════════════════════
2026-07-02 16:50:41,328 INFO     
2026-07-02 16:57:22,433 INFO     ════════════════════════════════════════════════════════════
2026-07-02 16:57:22,434 INFO     Scraping run started at 2026-07-02 16:57:22
2026-07-02 16:57:22,434 INFO     ════════════════════════════════════════════════════════════
2026-07-02 16:57:22,434 INFO     ────────────────────────────────────────────────────────────
2026-07-02 16:57:22,434 INFO     Running NSE
2026-07-02 16:57:24,610 INFO     NSE Completed Successfully
2026-07-02 16:57:24,610 INFO     ────────────────────────────────────────────────────────────
2026-07-02 16:57:24,610 INFO     Running BSE
2026-07-02 16:57:25,419 INFO     BSE Completed Successfully
2026-07-02 16:57:25,419 INFO     ────────────────────────────────────────────────────────────
2026-07-02 16:57:25,419 INFO     Running CDSL
2026-07-02 16:57:27,662 INFO     CDSL Completed Successfully
2026-07-02 16:57:27,663 INFO     ────────────────────────────────────────────────────────────
2026-07-02 16:57:27,663 INFO     Running AMFI
2026-07-02 16:57:30,365 INFO     AMFI Completed Successfully
2026-07-02 16:57:30,365 INFO     ────────────────────────────────────────────────────────────
2026-07-02 16:57:30,365 INFO     Running ARCL
2026-07-02 16:57:47,970 INFO     ARCL Completed Successfully
2026-07-02 16:57:47,970 INFO     ────────────────────────────────────────────────────────────
2026-07-02 16:57:47,970 INFO     Running CKYC
2026-07-02 16:57:50,083 INFO     CKYC Completed Successfully
2026-07-02 16:57:50,083 INFO     ────────────────────────────────────────────────────────────
2026-07-02 16:57:50,083 INFO     Running MCX
2026-07-02 16:57:51,438 INFO     MCX Completed Successfully
2026-07-02 16:57:51,439 INFO     ────────────────────────────────────────────────────────────
2026-07-02 16:57:51,439 INFO     Running APMI
2026-07-02 16:57:56,809 INFO     APMI Completed Successfully
2026-07-02 16:57:56,809 INFO     ────────────────────────────────────────────────────────────
2026-07-02 16:57:56,809 INFO     Running PFRDA
2026-07-02 16:58:14,570 INFO     PFRDA Completed Successfully
2026-07-02 16:58:14,570 INFO     ────────────────────────────────────────────────────────────
2026-07-02 16:58:14,571 INFO     Running NSDL
2026-07-02 16:58:16,035 INFO     NSDL Completed Successfully
2026-07-02 16:58:16,035 INFO     ────────────────────────────────────────────────────────────
2026-07-02 16:58:16,035 INFO     Running SEBI
2026-07-02 16:58:16,601 INFO     SEBI Completed Successfully
2026-07-02 16:58:16,601 INFO     ────────────────────────────────────────────────────────────
2026-07-02 16:58:16,601 INFO     Running IRDAI
2026-07-02 16:58:21,632 INFO     IRDAI Completed Successfully
2026-07-02 16:58:21,632 INFO     ────────────────────────────────────────────────────────────
2026-07-02 16:58:21,632 INFO     Summary
2026-07-02 16:58:21,632 INFO     
2026-07-02 16:58:21,632 INFO     Run completed in 59.2 seconds
2026-07-02 16:58:21,633 INFO     Downloads saved under: C:\ISEC\PDF_Downloader_Automation\downloads
2026-07-02 16:58:21,633 INFO     ════════════════════════════════════════════════════════════
2026-07-02 16:58:21,633 INFO     
2026-07-02 23:18:59,572 INFO     ════════════════════════════════════════════════════════════
2026-07-02 23:18:59,573 INFO     Scraping run started at 2026-07-02 23:18:59
2026-07-02 23:18:59,574 INFO     ════════════════════════════════════════════════════════════
2026-07-02 23:18:59,574 INFO     ────────────────────────────────────────────────────────────
2026-07-02 23:18:59,574 INFO     Running NSE
2026-07-02 23:19:35,239 INFO     NSE Completed Successfully
2026-07-02 23:19:35,239 INFO     ────────────────────────────────────────────────────────────
2026-07-02 23:19:35,239 INFO     Running BSE
2026-07-02 23:20:12,587 INFO     BSE Completed Successfully
2026-07-02 23:20:12,587 INFO     ────────────────────────────────────────────────────────────
2026-07-02 23:20:12,588 INFO     Running CDSL
2026-07-02 23:20:18,285 INFO     CDSL Completed Successfully
2026-07-02 23:20:18,285 INFO     ────────────────────────────────────────────────────────────
2026-07-02 23:20:18,285 INFO     Running AMFI
2026-07-02 23:20:25,751 INFO     AMFI Completed Successfully
2026-07-02 23:20:25,752 INFO     ────────────────────────────────────────────────────────────
2026-07-02 23:20:25,752 INFO     Running ARCL
2026-07-02 23:21:06,859 INFO     ARCL Completed Successfully
2026-07-02 23:21:06,859 INFO     ────────────────────────────────────────────────────────────
2026-07-02 23:21:06,859 INFO     Running CKYC
2026-07-02 23:21:14,499 INFO     CKYC Completed Successfully
2026-07-02 23:21:14,499 INFO     ────────────────────────────────────────────────────────────
2026-07-02 23:21:14,500 INFO     Running MCX
2026-07-02 23:21:19,264 INFO     MCX Completed Successfully
2026-07-02 23:21:19,264 INFO     ────────────────────────────────────────────────────────────
2026-07-02 23:21:19,265 INFO     Running APMI
2026-07-02 23:21:31,600 INFO     APMI Completed Successfully
2026-07-02 23:21:31,601 INFO     ────────────────────────────────────────────────────────────
2026-07-02 23:21:31,601 INFO     Running PFRDA
2026-07-02 23:22:30,587 INFO     PFRDA Completed Successfully
2026-07-02 23:22:30,587 INFO     ────────────────────────────────────────────────────────────
2026-07-02 23:22:30,588 INFO     Running NSDL
2026-07-02 23:22:35,492 INFO     NSDL Completed Successfully
2026-07-02 23:22:35,492 INFO     ────────────────────────────────────────────────────────────
2026-07-02 23:22:35,492 INFO     Running SEBI
2026-07-02 23:22:38,078 INFO     SEBI Completed Successfully
2026-07-02 23:22:38,078 INFO     ────────────────────────────────────────────────────────────
2026-07-02 23:22:38,079 INFO     Running IRDAI
2026-07-02 23:22:45,081 INFO     IRDAI Completed Successfully
2026-07-02 23:22:45,082 INFO     ────────────────────────────────────────────────────────────
2026-07-02 23:22:45,083 INFO     Summary
2026-07-02 23:22:45,083 INFO     
2026-07-02 23:22:45,084 INFO     Run completed in 225.5 seconds
2026-07-02 23:22:45,086 INFO     Downloads saved under: C:\ISEC\PDF_Downloader_Automation\downloads
2026-07-02 23:22:45,088 INFO     ════════════════════════════════════════════════════════════
2026-07-02 23:22:45,088 INFO     
2026-07-02 23:26:31,628 INFO     ════════════════════════════════════════════════════════════
2026-07-02 23:26:31,629 INFO     Scraping run started at 2026-07-02 23:26:31
2026-07-02 23:26:31,629 INFO     ════════════════════════════════════════════════════════════
2026-07-02 23:26:31,630 INFO     ────────────────────────────────────────────────────────────
2026-07-02 23:26:31,630 INFO     Running NSE
2026-07-02 23:26:37,374 INFO     NSE Completed Successfully
2026-07-02 23:26:37,375 INFO     ────────────────────────────────────────────────────────────
2026-07-02 23:26:37,375 INFO     Running BSE
2026-07-02 23:26:42,138 INFO     BSE Completed Successfully
2026-07-02 23:26:42,139 INFO     ────────────────────────────────────────────────────────────
2026-07-02 23:26:42,139 INFO     Summary
2026-07-02 23:26:42,139 INFO     
2026-07-02 23:26:42,140 INFO     Run completed in 10.5 seconds
2026-07-02 23:26:42,141 INFO     Downloads saved under: C:\ISEC\PDF_Downloader_Automation\downloads
2026-07-02 23:26:42,141 INFO     ════════════════════════════════════════════════════════════
2026-07-02 23:26:42,144 INFO     
2026-07-02 23:27:43,479 INFO     ════════════════════════════════════════════════════════════
2026-07-02 23:27:43,479 INFO     Scraping run started at 2026-07-02 23:27:43
2026-07-02 23:27:43,480 INFO     ════════════════════════════════════════════════════════════
2026-07-02 23:27:43,480 INFO     ────────────────────────────────────────────────────────────
2026-07-02 23:27:43,481 INFO     Running NSE
2026-07-02 23:27:49,042 INFO     NSE Completed Successfully
2026-07-02 23:27:49,042 INFO     ────────────────────────────────────────────────────────────
2026-07-02 23:27:49,043 INFO     Summary
2026-07-02 23:27:49,043 INFO     
2026-07-02 23:27:49,043 INFO     Run completed in 5.6 seconds
2026-07-02 23:27:49,044 INFO     Downloads saved under: C:\ISEC\PDF_Downloader_Automation\downloads
2026-07-02 23:27:49,045 INFO     ════════════════════════════════════════════════════════════
2026-07-02 23:27:49,045 INFO     
2026-07-02 23:31:36,742 INFO     ════════════════════════════════════════════════════════════
2026-07-02 23:31:36,743 INFO     Scraping run started at 2026-07-02 23:31:36
2026-07-02 23:31:36,743 INFO     ════════════════════════════════════════════════════════════
2026-07-02 23:31:36,743 INFO     ────────────────────────────────────────────────────────────
2026-07-02 23:31:36,744 INFO     Running NSE
2026-07-02 23:31:42,454 INFO     NSE Completed Successfully
2026-07-02 23:31:42,454 INFO     ────────────────────────────────────────────────────────────
2026-07-02 23:31:42,454 INFO     Running BSE
2026-07-02 23:31:47,325 INFO     BSE Completed Successfully
2026-07-02 23:31:47,325 INFO     ────────────────────────────────────────────────────────────
2026-07-02 23:31:47,326 INFO     Running CDSL
2026-07-02 23:31:49,972 INFO     CDSL Completed Successfully
2026-07-02 23:31:49,972 INFO     ────────────────────────────────────────────────────────────
2026-07-02 23:31:49,973 INFO     Running AMFI
2026-07-02 23:31:57,537 INFO     AMFI Completed Successfully
2026-07-02 23:31:57,537 INFO     ────────────────────────────────────────────────────────────
2026-07-02 23:31:57,537 INFO     Running ARCL
2026-07-02 23:32:37,902 INFO     ARCL Completed Successfully
2026-07-02 23:32:37,902 INFO     ────────────────────────────────────────────────────────────
2026-07-02 23:32:37,902 INFO     Running CKYC
2026-07-02 23:32:42,706 INFO     CKYC Completed Successfully
2026-07-02 23:32:42,707 INFO     ────────────────────────────────────────────────────────────
2026-07-02 23:32:42,707 INFO     Running MCX
2026-07-02 23:32:44,874 INFO     MCX Completed Successfully
2026-07-02 23:32:44,875 INFO     ────────────────────────────────────────────────────────────
2026-07-02 23:32:44,875 INFO     Running APMI
2026-07-02 23:32:56,744 INFO     APMI Completed Successfully
2026-07-02 23:32:56,745 INFO     ────────────────────────────────────────────────────────────
2026-07-02 23:32:56,745 INFO     Running PFRDA
2026-07-02 23:33:43,087 INFO     PFRDA Completed Successfully
2026-07-02 23:33:43,087 INFO     ────────────────────────────────────────────────────────────
2026-07-02 23:33:43,087 INFO     Running NSDL
2026-07-02 23:33:45,377 INFO     NSDL Completed Successfully
2026-07-02 23:33:45,377 INFO     ────────────────────────────────────────────────────────────
2026-07-02 23:33:45,377 INFO     Running SEBI
2026-07-02 23:33:46,707 INFO     SEBI Completed Successfully
2026-07-02 23:33:46,707 INFO     ────────────────────────────────────────────────────────────
2026-07-02 23:33:46,707 INFO     Running IRDAI
2026-07-02 23:33:49,000 INFO     IRDAI Completed Successfully
2026-07-02 23:33:49,000 INFO     ────────────────────────────────────────────────────────────
2026-07-02 23:33:49,000 INFO     Summary
2026-07-02 23:33:49,001 INFO     
2026-07-02 23:33:49,001 INFO     Run completed in 132.3 seconds
2026-07-02 23:33:49,002 INFO     Downloads saved under: C:\ISEC\PDF_Downloader_Automation\downloads
2026-07-02 23:33:49,002 INFO     ════════════════════════════════════════════════════════════
2026-07-02 23:33:49,003 INFO     
2026-07-02 23:34:21,907 INFO     ════════════════════════════════════════════════════════════
2026-07-02 23:34:21,907 INFO     Scraping run started at 2026-07-02 23:34:21
2026-07-02 23:34:21,907 INFO     ════════════════════════════════════════════════════════════
2026-07-02 23:34:21,908 INFO     ────────────────────────────────────────────────────────────
2026-07-02 23:34:21,908 INFO     Running ARCL
2026-07-02 23:37:13,275 INFO     ════════════════════════════════════════════════════════════
2026-07-02 23:37:13,276 INFO     Scraping run started at 2026-07-02 23:37:13
2026-07-02 23:37:13,277 INFO     ════════════════════════════════════════════════════════════
2026-07-02 23:37:13,277 INFO     ────────────────────────────────────────────────────────────
2026-07-02 23:37:13,277 INFO     Running ARCL
2026-07-02 23:37:54,453 INFO     ARCL Completed Successfully
2026-07-02 23:37:54,453 INFO     ────────────────────────────────────────────────────────────
2026-07-02 23:37:54,454 INFO     Summary
2026-07-02 23:37:54,454 INFO     
2026-07-02 23:37:54,454 INFO     Run completed in 41.2 seconds
2026-07-02 23:37:54,455 INFO     Downloads saved under: C:\ISEC\PDF_Downloader_Automation\downloads
2026-07-02 23:37:54,456 INFO     ════════════════════════════════════════════════════════════
2026-07-02 23:37:54,456 INFO     
2026-07-02 23:39:55,670 INFO     ════════════════════════════════════════════════════════════
2026-07-02 23:39:55,671 INFO     Scraping run started at 2026-07-02 23:39:55
2026-07-02 23:39:55,671 INFO     ════════════════════════════════════════════════════════════
2026-07-02 23:39:55,672 INFO     ────────────────────────────────────────────────────────────
2026-07-02 23:39:55,672 INFO     Running NSE
2026-07-02 23:40:01,389 INFO     NSE Completed Successfully
2026-07-02 23:40:01,389 INFO     ────────────────────────────────────────────────────────────
2026-07-02 23:40:01,390 INFO     Running BSE
2026-07-02 23:40:06,086 INFO     BSE Completed Successfully
2026-07-02 23:40:06,086 INFO     ────────────────────────────────────────────────────────────
2026-07-02 23:40:06,086 INFO     Running CDSL
2026-07-02 23:40:08,949 INFO     CDSL Completed Successfully
2026-07-02 23:40:08,949 INFO     ────────────────────────────────────────────────────────────
2026-07-02 23:40:08,949 INFO     Running AMFI
2026-07-02 23:40:15,154 INFO     AMFI Completed Successfully
2026-07-02 23:40:15,154 INFO     ────────────────────────────────────────────────────────────
2026-07-02 23:40:15,154 INFO     Running ARCL
2026-07-02 23:40:53,023 INFO     ARCL Completed Successfully
2026-07-02 23:40:53,023 INFO     ────────────────────────────────────────────────────────────
2026-07-02 23:40:53,023 INFO     Running CKYC
2026-07-02 23:40:58,467 INFO     CKYC Completed Successfully
2026-07-02 23:40:58,467 INFO     ────────────────────────────────────────────────────────────
2026-07-02 23:40:58,467 INFO     Running MCX
2026-07-02 23:41:00,762 INFO     MCX Completed Successfully
2026-07-02 23:41:00,762 INFO     ────────────────────────────────────────────────────────────
2026-07-02 23:41:00,762 INFO     Running APMI
2026-07-02 23:41:12,205 INFO     APMI Completed Successfully
2026-07-02 23:41:12,205 INFO     ────────────────────────────────────────────────────────────
2026-07-02 23:41:12,206 INFO     Running PFRDA
2026-07-02 23:41:54,568 INFO     PFRDA Completed Successfully
2026-07-02 23:41:54,568 INFO     ────────────────────────────────────────────────────────────
2026-07-02 23:41:54,568 INFO     Running NSDL
2026-07-02 23:41:57,259 INFO     NSDL Completed Successfully
2026-07-02 23:41:57,259 INFO     ────────────────────────────────────────────────────────────
2026-07-02 23:41:57,259 INFO     Running SEBI
2026-07-02 23:41:58,578 INFO     SEBI Completed Successfully
2026-07-02 23:41:58,578 INFO     ────────────────────────────────────────────────────────────
2026-07-02 23:41:58,579 INFO     Running IRDAI
2026-07-02 23:42:00,656 INFO     IRDAI Completed Successfully
2026-07-02 23:42:00,657 INFO     ────────────────────────────────────────────────────────────
2026-07-02 23:42:00,657 INFO     Summary
2026-07-02 23:42:00,657 INFO     
2026-07-02 23:42:00,658 INFO     Run completed in 125.0 seconds
2026-07-02 23:42:00,659 INFO     Downloads saved under: C:\ISEC\PDF_Downloader_Automation\downloads
2026-07-02 23:42:00,659 INFO     ════════════════════════════════════════════════════════════
2026-07-02 23:42:00,659 INFO     
2026-07-03 12:58:33,347 INFO     ════════════════════════════════════════════════════════════
2026-07-03 12:58:33,348 INFO     Scraping run started at 2026-07-03 12:58:33
2026-07-03 12:58:33,348 INFO     ════════════════════════════════════════════════════════════
2026-07-03 12:58:33,348 INFO     ────────────────────────────────────────────────────────────
2026-07-03 12:58:33,349 INFO     Running NSE
2026-07-03 12:58:38,456 INFO     NSE Completed Successfully
2026-07-03 12:58:38,456 INFO     ────────────────────────────────────────────────────────────
2026-07-03 12:58:38,456 INFO     Running BSE
2026-07-03 12:58:43,391 INFO     BSE Completed Successfully
2026-07-03 12:58:43,391 INFO     ────────────────────────────────────────────────────────────
2026-07-03 12:58:43,391 INFO     Running CDSL
2026-07-03 12:58:45,952 INFO     CDSL Completed Successfully
2026-07-03 12:58:45,952 INFO     ────────────────────────────────────────────────────────────
2026-07-03 12:58:45,952 INFO     Running AMFI
2026-07-03 12:58:52,445 INFO     AMFI Completed Successfully
2026-07-03 12:58:52,445 INFO     ────────────────────────────────────────────────────────────
2026-07-03 12:58:52,446 INFO     Running ARCL
2026-07-03 12:59:32,055 INFO     ARCL Completed Successfully
2026-07-03 12:59:32,055 INFO     ────────────────────────────────────────────────────────────
2026-07-03 12:59:32,055 INFO     Running CKYC
2026-07-03 12:59:36,917 INFO     CKYC Completed Successfully
2026-07-03 12:59:36,918 INFO     ────────────────────────────────────────────────────────────
2026-07-03 12:59:36,918 INFO     Running MCX
2026-07-03 12:59:38,782 INFO     MCX Completed Successfully
2026-07-03 12:59:38,783 INFO     ────────────────────────────────────────────────────────────
2026-07-03 12:59:38,783 INFO     Running APMI
2026-07-03 12:59:50,930 INFO     APMI Completed Successfully
2026-07-03 12:59:50,930 INFO     ────────────────────────────────────────────────────────────
2026-07-03 12:59:50,930 INFO     Running PFRDA
2026-07-03 13:00:38,613 INFO     PFRDA Completed Successfully
2026-07-03 13:00:38,614 INFO     ────────────────────────────────────────────────────────────
2026-07-03 13:00:38,614 INFO     Running NSDL
2026-07-03 13:00:41,020 INFO     NSDL Completed Successfully
2026-07-03 13:00:41,020 INFO     ────────────────────────────────────────────────────────────
2026-07-03 13:00:41,021 INFO     Running SEBI
2026-07-03 13:00:42,269 INFO     SEBI Completed Successfully
2026-07-03 13:00:42,269 INFO     ────────────────────────────────────────────────────────────
2026-07-03 13:00:42,270 INFO     Running IRDAI
2026-07-03 13:00:44,915 INFO     IRDAI Completed Successfully
2026-07-03 13:00:44,915 INFO     ────────────────────────────────────────────────────────────
2026-07-03 13:00:44,916 INFO     Summary
2026-07-03 13:00:44,916 INFO     
2026-07-03 13:00:44,916 INFO     Run completed in 131.6 seconds
2026-07-03 13:00:44,917 INFO     Downloads saved under: C:\ISEC\PDF_Downloader_Automation\downloads
2026-07-03 13:00:44,917 INFO     ════════════════════════════════════════════════════════════
2026-07-03 13:00:44,918 INFO     
2026-07-04 20:46:11,946 INFO     ════════════════════════════════════════════════════════════
2026-07-04 20:46:11,948 INFO     Scraping run started at 2026-07-04 20:46:11
2026-07-04 20:46:11,948 INFO     ════════════════════════════════════════════════════════════
2026-07-04 20:46:11,948 INFO     ────────────────────────────────────────────────────────────
2026-07-04 20:46:11,949 INFO     Running NSE
2026-07-04 20:46:14,962 INFO     NSE Completed Successfully
2026-07-04 20:46:14,962 INFO     ────────────────────────────────────────────────────────────
2026-07-04 20:46:14,963 INFO     Running BSE
2026-07-04 20:46:18,144 INFO     BSE Completed Successfully
2026-07-04 20:46:18,145 INFO     ────────────────────────────────────────────────────────────
2026-07-04 20:46:18,145 INFO     Running CDSL
2026-07-04 20:46:20,951 ERROR    CDSL Failed
Traceback (most recent call last):
  File "C:\ISEC\PDF_Downloader_Automation\main.py", line 53, in run_website
    function()
    ~~~~~~~~^^
  File "C:\ISEC\PDF_Downloader_Automation\extractors\cdsl.py", line 141, in download_cdsl
    items = fetch_communiques(session)
  File "C:\ISEC\PDF_Downloader_Automation\extractors\cdsl.py", line 61, in fetch_communiques
    response.raise_for_status()
    ~~~~~~~~~~~~~~~~~~~~~~~~~^^
  File "C:\Users\admin\AppData\Local\Programs\Python\Python314\Lib\site-packages\requests\models.py", line 1026, in raise_for_status
    raise HTTPError(http_error_msg, response=self)
requests.exceptions.HTTPError: 404 Client Error: Not Found for url: https://www.cdslindia.com/eservices/Publications/GetOnLoadCommunique
2026-07-04 20:46:20,959 INFO     ────────────────────────────────────────────────────────────
2026-07-04 20:46:20,959 INFO     Running AMFI
2026-07-04 20:46:27,583 INFO     AMFI Completed Successfully
2026-07-04 20:46:27,584 INFO     ────────────────────────────────────────────────────────────
2026-07-04 20:46:27,584 INFO     Running ARCL
2026-07-04 20:47:13,690 INFO     ARCL Completed Successfully
2026-07-04 20:47:13,690 INFO     ────────────────────────────────────────────────────────────
2026-07-04 20:47:13,691 INFO     Running CKYC
2026-07-04 20:47:21,260 INFO     CKYC Completed Successfully
2026-07-04 20:47:21,260 INFO     ────────────────────────────────────────────────────────────
2026-07-04 20:47:21,260 INFO     Running MCX
2026-07-04 20:47:23,600 INFO     MCX Completed Successfully
2026-07-04 20:47:23,602 INFO     ────────────────────────────────────────────────────────────
2026-07-04 20:47:23,604 INFO     Running APMI
2026-07-04 20:47:46,288 INFO     APMI Completed Successfully
2026-07-04 20:47:46,289 INFO     ────────────────────────────────────────────────────────────
2026-07-04 20:47:46,289 INFO     Running PFRDA
2026-07-04 20:48:42,444 INFO     PFRDA Completed Successfully
2026-07-04 20:48:42,445 INFO     ────────────────────────────────────────────────────────────
2026-07-04 20:48:42,445 INFO     Running NSDL
2026-07-04 20:48:45,327 INFO     NSDL Completed Successfully
2026-07-04 20:48:45,328 INFO     ────────────────────────────────────────────────────────────
2026-07-04 20:48:45,328 INFO     Running SEBI
2026-07-04 20:49:24,113 INFO     SEBI Completed Successfully
2026-07-04 20:49:24,113 INFO     ────────────────────────────────────────────────────────────
2026-07-04 20:49:24,114 INFO     Running IRDAI
2026-07-04 20:49:26,878 INFO     IRDAI Completed Successfully
2026-07-04 20:49:26,879 INFO     ────────────────────────────────────────────────────────────
2026-07-04 20:49:26,879 INFO     Summary
2026-07-04 20:49:26,880 INFO     
2026-07-04 20:49:26,880 INFO     Run completed in 194.9 seconds
2026-07-04 20:49:26,881 INFO     Downloads saved under: C:\ISEC\PDF_Downloader_Automation\downloads
2026-07-04 20:49:26,882 INFO     ════════════════════════════════════════════════════════════
2026-07-04 20:49:26,882 INFO     
2026-07-06 09:42:09,100 INFO     ════════════════════════════════════════════════════════════
2026-07-06 09:42:09,103 INFO     Scraping run started at 2026-07-06 09:42:09
2026-07-06 09:42:09,103 INFO     ════════════════════════════════════════════════════════════
2026-07-06 09:42:09,103 INFO     ────────────────────────────────────────────────────────────
2026-07-06 09:42:09,104 INFO     Running NSE
2026-07-06 09:42:10,334 INFO     NSE Completed Successfully
2026-07-06 09:42:10,334 INFO     ────────────────────────────────────────────────────────────
2026-07-06 09:42:10,335 INFO     Running BSE
2026-07-06 09:42:11,074 INFO     BSE Completed Successfully
2026-07-06 09:42:11,075 INFO     ────────────────────────────────────────────────────────────
2026-07-06 09:42:11,075 INFO     Running CDSL
2026-07-06 09:42:12,632 ERROR    CDSL Failed
Traceback (most recent call last):
  File "C:\ISEC\PDF_Downloader_Automation\main.py", line 53, in run_website
    function()
    ~~~~~~~~^^
  File "C:\ISEC\PDF_Downloader_Automation\extractors\cdsl.py", line 141, in download_cdsl
    items = fetch_communiques(session)
  File "C:\ISEC\PDF_Downloader_Automation\extractors\cdsl.py", line 61, in fetch_communiques
    response.raise_for_status()
    ~~~~~~~~~~~~~~~~~~~~~~~~~^^
  File "C:\Users\admin\AppData\Local\Programs\Python\Python314\Lib\site-packages\requests\models.py", line 1026, in raise_for_status
    raise HTTPError(http_error_msg, response=self)
requests.exceptions.HTTPError: 404 Client Error: Not Found for url: https://www.cdslindia.com/eservices/Publications/GetOnLoadCommunique
2026-07-06 09:42:12,638 INFO     ────────────────────────────────────────────────────────────
2026-07-06 09:42:12,639 INFO     Running AMFI
2026-07-06 09:42:20,036 INFO     AMFI Completed Successfully
2026-07-06 09:42:20,037 INFO     ────────────────────────────────────────────────────────────
2026-07-06 09:42:20,037 INFO     Running ARCL
2026-07-06 09:42:58,015 INFO     ARCL Completed Successfully
2026-07-06 09:42:58,015 INFO     ────────────────────────────────────────────────────────────
2026-07-06 09:42:58,016 INFO     Running CKYC
2026-07-06 09:43:02,619 INFO     CKYC Completed Successfully
2026-07-06 09:43:02,621 INFO     ────────────────────────────────────────────────────────────
2026-07-06 09:43:02,621 INFO     Running MCX
2026-07-06 09:43:04,232 INFO     MCX Completed Successfully
2026-07-06 09:43:04,232 INFO     ────────────────────────────────────────────────────────────
2026-07-06 09:43:04,233 INFO     Running APMI
2026-07-06 09:43:16,842 INFO     APMI Completed Successfully
2026-07-06 09:43:16,842 INFO     ────────────────────────────────────────────────────────────
2026-07-06 09:43:16,843 INFO     Running PFRDA
2026-07-06 09:43:53,374 INFO     PFRDA Completed Successfully
2026-07-06 09:43:53,374 INFO     ────────────────────────────────────────────────────────────
2026-07-06 09:43:53,375 INFO     Running NSDL
2026-07-06 09:43:55,082 INFO     NSDL Completed Successfully
2026-07-06 09:43:55,082 INFO     ────────────────────────────────────────────────────────────
2026-07-06 09:43:55,082 INFO     Running SEBI
2026-07-06 09:43:56,245 INFO     SEBI Completed Successfully
2026-07-06 09:43:56,246 INFO     ────────────────────────────────────────────────────────────
2026-07-06 09:43:56,246 INFO     Running IRDAI
2026-07-06 09:43:57,647 INFO     IRDAI Completed Successfully
2026-07-06 09:43:57,648 INFO     ────────────────────────────────────────────────────────────
2026-07-06 09:43:57,648 INFO     Summary
2026-07-06 09:43:57,648 INFO     
2026-07-06 09:43:57,649 INFO     Run completed in 108.5 seconds
2026-07-06 09:43:57,649 INFO     Downloads saved under: C:\ISEC\PDF_Downloader_Automation\downloads
2026-07-06 09:43:57,650 INFO     ════════════════════════════════════════════════════════════
2026-07-06 09:43:57,650 INFO     
2026-07-06 10:38:30,515 INFO     ════════════════════════════════════════════════════════════
2026-07-06 10:38:30,516 INFO     Scraping run started at 2026-07-06 10:38:30
2026-07-06 10:38:30,517 INFO     ════════════════════════════════════════════════════════════
2026-07-06 10:38:30,517 INFO     ────────────────────────────────────────────────────────────
2026-07-06 10:38:30,517 INFO     Running CDSL
2026-07-06 10:38:38,832 INFO     CDSL Completed Successfully
2026-07-06 10:38:38,836 INFO     ────────────────────────────────────────────────────────────
2026-07-06 10:38:38,837 INFO     Summary
2026-07-06 10:38:38,837 INFO     
2026-07-06 10:38:38,837 INFO     Run completed in 8.3 seconds
2026-07-06 10:38:38,838 INFO     Downloads saved under: C:\ISEC\PDF_Downloader_Automation\downloads
2026-07-06 10:38:38,839 INFO     ════════════════════════════════════════════════════════════
2026-07-06 10:38:38,839 INFO     
2026-07-06 10:38:54,051 INFO     ════════════════════════════════════════════════════════════
2026-07-06 10:38:54,051 INFO     Scraping run started at 2026-07-06 10:38:54
2026-07-06 10:38:54,052 INFO     ════════════════════════════════════════════════════════════
2026-07-06 10:38:54,052 INFO     ────────────────────────────────────────────────────────────
2026-07-06 10:38:54,052 INFO     Running NSE
2026-07-06 10:38:55,081 INFO     NSE Completed Successfully
2026-07-06 10:38:55,081 INFO     ────────────────────────────────────────────────────────────
2026-07-06 10:38:55,081 INFO     Running BSE
2026-07-06 10:38:55,801 INFO     BSE Completed Successfully
2026-07-06 10:38:55,802 INFO     ────────────────────────────────────────────────────────────
2026-07-06 10:38:55,802 INFO     Running CDSL
2026-07-06 10:39:04,222 INFO     CDSL Completed Successfully
2026-07-06 10:39:04,222 INFO     ────────────────────────────────────────────────────────────
2026-07-06 10:39:04,222 INFO     Running AMFI
2026-07-06 10:39:11,303 INFO     AMFI Completed Successfully
2026-07-06 10:39:11,303 INFO     ────────────────────────────────────────────────────────────
2026-07-06 10:39:11,303 INFO     Running ARCL
2026-07-06 10:39:52,158 INFO     ARCL Completed Successfully
2026-07-06 10:39:52,159 INFO     ────────────────────────────────────────────────────────────
2026-07-06 10:39:52,159 INFO     Running CKYC
2026-07-06 10:40:11,408 INFO     CKYC Completed Successfully
2026-07-06 10:40:11,408 INFO     ────────────────────────────────────────────────────────────
2026-07-06 10:40:11,408 INFO     Running MCX
2026-07-06 10:40:13,117 INFO     MCX Completed Successfully
2026-07-06 10:40:13,117 INFO     ────────────────────────────────────────────────────────────
2026-07-06 10:40:13,118 INFO     Running APMI
2026-07-06 10:40:24,374 INFO     APMI Completed Successfully
2026-07-06 10:40:24,375 INFO     ────────────────────────────────────────────────────────────
2026-07-06 10:40:24,375 INFO     Running PFRDA
2026-07-06 10:41:00,780 INFO     PFRDA Completed Successfully
2026-07-06 10:41:00,781 INFO     ────────────────────────────────────────────────────────────
2026-07-06 10:41:00,781 INFO     Running NSDL
2026-07-06 10:41:01,907 INFO     NSDL Completed Successfully
2026-07-06 10:41:01,907 INFO     ────────────────────────────────────────────────────────────
2026-07-06 10:41:01,908 INFO     Running SEBI
2026-07-06 10:41:02,943 INFO     SEBI Completed Successfully
2026-07-06 10:41:02,944 INFO     ────────────────────────────────────────────────────────────
2026-07-06 10:41:02,944 INFO     Running IRDAI
2026-07-06 10:41:04,613 INFO     IRDAI Completed Successfully
2026-07-06 10:41:04,614 INFO     ────────────────────────────────────────────────────────────
2026-07-06 10:41:04,614 INFO     Summary
2026-07-06 10:41:04,615 INFO     
2026-07-06 10:41:04,616 INFO     Run completed in 130.6 seconds
2026-07-06 10:41:04,617 INFO     Downloads saved under: C:\ISEC\PDF_Downloader_Automation\downloads
2026-07-06 10:41:04,618 INFO     ════════════════════════════════════════════════════════════
2026-07-06 10:41:04,619 INFO     
2026-07-06 14:39:54,203 INFO     ════════════════════════════════════════════════════════════
2026-07-06 14:39:54,205 INFO     Scraping run started at 2026-07-06 14:39:54
2026-07-06 14:39:54,206 INFO     ════════════════════════════════════════════════════════════
2026-07-06 14:39:54,206 INFO     ────────────────────────────────────────────────────────────
2026-07-06 14:39:54,206 INFO     Running NSE
2026-07-06 14:39:57,418 INFO     NSE Completed Successfully
2026-07-06 14:39:57,418 INFO     ────────────────────────────────────────────────────────────
2026-07-06 14:39:57,419 INFO     Running BSE
2026-07-06 14:40:01,750 INFO     BSE Completed Successfully
2026-07-06 14:40:01,750 INFO     ────────────────────────────────────────────────────────────
2026-07-06 14:40:01,751 INFO     Running CDSL
2026-07-06 14:40:10,646 INFO     CDSL Completed Successfully
2026-07-06 14:40:10,646 INFO     ────────────────────────────────────────────────────────────
2026-07-06 14:40:10,646 INFO     Running AMFI
2026-07-06 14:40:17,831 INFO     AMFI Completed Successfully
2026-07-06 14:40:17,832 INFO     ────────────────────────────────────────────────────────────
2026-07-06 14:40:17,832 INFO     Running ARCL
2026-07-06 14:41:02,945 INFO     ARCL Completed Successfully
2026-07-06 14:41:02,945 INFO     ────────────────────────────────────────────────────────────
2026-07-06 14:41:02,945 INFO     Running CKYC
2026-07-06 14:41:08,973 INFO     CKYC Completed Successfully
2026-07-06 14:41:08,974 INFO     ────────────────────────────────────────────────────────────
2026-07-06 14:41:08,974 INFO     Running MCX
2026-07-06 14:41:13,279 INFO     MCX Completed Successfully
2026-07-06 14:41:13,279 INFO     ────────────────────────────────────────────────────────────
2026-07-06 14:41:13,281 INFO     Running APMI
2026-07-06 14:41:25,705 INFO     APMI Completed Successfully
2026-07-06 14:41:25,705 INFO     ────────────────────────────────────────────────────────────
2026-07-06 14:41:25,706 INFO     Running PFRDA
2026-07-06 14:42:04,885 INFO     PFRDA Completed Successfully
2026-07-06 14:42:04,885 INFO     ────────────────────────────────────────────────────────────
2026-07-06 14:42:04,886 INFO     Running NSDL
2026-07-06 14:42:06,233 INFO     NSDL Completed Successfully
2026-07-06 14:42:06,234 INFO     ────────────────────────────────────────────────────────────
2026-07-06 14:42:06,234 INFO     Running SEBI
2026-07-06 14:42:07,275 INFO     SEBI Completed Successfully
2026-07-06 14:42:07,276 INFO     ────────────────────────────────────────────────────────────
2026-07-06 14:42:07,276 INFO     Running IRDAI
2026-07-06 14:42:08,717 INFO     IRDAI Completed Successfully
2026-07-06 14:42:08,718 INFO     ────────────────────────────────────────────────────────────
2026-07-06 14:42:08,718 INFO     Summary
2026-07-06 14:42:08,719 INFO     
2026-07-06 14:42:08,719 INFO     Run completed in 134.5 seconds
2026-07-06 14:42:08,721 INFO     Downloads saved under: C:\ISEC\PDF_Downloader_Automation\downloads
2026-07-06 14:42:08,721 INFO     ════════════════════════════════════════════════════════════
2026-07-06 14:42:08,722 INFO     
2026-07-06 22:36:29,752 INFO     ════════════════════════════════════════════════════════════
2026-07-06 22:36:29,754 INFO     Scraping run started at 2026-07-06 22:36:29
2026-07-06 22:36:29,755 INFO     ════════════════════════════════════════════════════════════
2026-07-06 22:36:29,755 INFO     ────────────────────────────────────────────────────────────
2026-07-06 22:36:29,755 INFO     Running NSE
2026-07-06 22:41:16,278 INFO     NSE Completed Successfully
2026-07-06 22:41:16,279 INFO     ────────────────────────────────────────────────────────────
2026-07-06 22:41:16,279 INFO     Running BSE
2026-07-06 22:43:33,820 INFO     BSE Completed Successfully
2026-07-06 22:43:33,820 INFO     ────────────────────────────────────────────────────────────
2026-07-06 22:43:33,820 INFO     Running CDSL
2026-07-06 22:43:35,463 ERROR    CDSL Failed
Traceback (most recent call last):
  File "C:\ISEC\PDF_Downloader_Automation\main.py", line 53, in run_website
    function()
    ~~~~~~~~^^
  File "C:\ISEC\PDF_Downloader_Automation\extractors\cdsl.py", line 163, in download_cdsl
    items = fetch_communiques(session)
  File "C:\ISEC\PDF_Downloader_Automation\extractors\cdsl.py", line 59, in fetch_communiques
    response.raise_for_status()
    ~~~~~~~~~~~~~~~~~~~~~~~~~^^
  File "C:\Users\admin\AppData\Local\Programs\Python\Python314\Lib\site-packages\requests\models.py", line 1026, in raise_for_status
    raise HTTPError(http_error_msg, response=self)
requests.exceptions.HTTPError: 500 Server Error: Internal Server Error for url: https://www.cdslindia.com/eservices/Publications/Communique
2026-07-06 22:43:35,508 INFO     ────────────────────────────────────────────────────────────
2026-07-06 22:43:35,508 INFO     Running AMFI
2026-07-06 22:43:47,059 INFO     AMFI Completed Successfully
2026-07-06 22:43:47,059 INFO     ────────────────────────────────────────────────────────────
2026-07-06 22:43:47,060 INFO     Running ARCL
2026-07-06 22:44:35,862 INFO     ARCL Completed Successfully
2026-07-06 22:44:35,863 INFO     ────────────────────────────────────────────────────────────
2026-07-06 22:44:35,863 INFO     Running CKYC
2026-07-06 22:45:42,224 INFO     CKYC Completed Successfully
2026-07-06 22:45:42,224 INFO     ────────────────────────────────────────────────────────────
2026-07-06 22:45:42,224 INFO     Running MCX
2026-07-06 22:45:48,451 INFO     MCX Completed Successfully
2026-07-06 22:45:48,452 INFO     ────────────────────────────────────────────────────────────
2026-07-06 22:45:48,452 INFO     Running APMI
2026-07-06 22:46:01,351 INFO     APMI Completed Successfully
2026-07-06 22:46:01,351 INFO     ────────────────────────────────────────────────────────────
2026-07-06 22:46:01,352 INFO     Running PFRDA
2026-07-06 22:46:57,087 INFO     PFRDA Completed Successfully
2026-07-06 22:46:57,088 INFO     ────────────────────────────────────────────────────────────
2026-07-06 22:46:57,088 INFO     Running NSDL
2026-07-06 22:47:00,340 INFO     NSDL Completed Successfully
2026-07-06 22:47:00,340 INFO     ────────────────────────────────────────────────────────────
2026-07-06 22:47:00,340 INFO     Running SEBI
2026-07-06 22:47:02,374 INFO     SEBI Completed Successfully
2026-07-06 22:47:02,374 INFO     ────────────────────────────────────────────────────────────
2026-07-06 22:47:02,374 INFO     Running IRDAI
2026-07-06 22:47:05,463 INFO     IRDAI Completed Successfully
2026-07-06 22:47:05,464 INFO     ────────────────────────────────────────────────────────────
2026-07-06 22:47:05,464 INFO     Summary
2026-07-06 22:47:05,464 INFO     
2026-07-06 22:47:05,465 INFO     Run completed in 635.7 seconds
2026-07-06 22:47:05,466 INFO     Downloads saved under: C:\ISEC\PDF_Downloader_Automation\downloads
2026-07-06 22:47:05,466 INFO     ════════════════════════════════════════════════════════════
2026-07-06 22:47:05,466 INFO     
2026-07-07 10:07:04,369 INFO     ════════════════════════════════════════════════════════════
2026-07-07 10:07:04,371 INFO     Scraping run started at 2026-07-07 10:07:04
2026-07-07 10:07:04,371 INFO     ════════════════════════════════════════════════════════════
2026-07-07 10:07:04,371 INFO     ────────────────────────────────────────────────────────────
2026-07-07 10:07:04,371 INFO     Running NSE
2026-07-07 10:07:05,025 INFO     NSE Completed Successfully
2026-07-07 10:07:05,025 INFO     ────────────────────────────────────────────────────────────
2026-07-07 10:07:05,025 INFO     Running BSE
2026-07-07 10:07:05,411 INFO     BSE Completed Successfully
2026-07-07 10:07:05,411 INFO     ────────────────────────────────────────────────────────────
2026-07-07 10:07:05,411 INFO     Running CDSL
2026-07-07 10:07:09,815 INFO     CDSL Completed Successfully
2026-07-07 10:07:09,815 INFO     ────────────────────────────────────────────────────────────
2026-07-07 10:07:09,816 INFO     Running AMFI
2026-07-07 10:07:13,811 INFO     AMFI Completed Successfully
2026-07-07 10:07:13,811 INFO     ────────────────────────────────────────────────────────────
2026-07-07 10:07:13,812 INFO     Running ARCL
2026-07-07 10:07:32,223 INFO     ARCL Completed Successfully
2026-07-07 10:07:32,223 INFO     ────────────────────────────────────────────────────────────
2026-07-07 10:07:32,223 INFO     Running CKYC
2026-07-07 10:07:34,469 INFO     CKYC Completed Successfully
2026-07-07 10:07:34,469 INFO     ────────────────────────────────────────────────────────────
2026-07-07 10:07:34,469 INFO     Running MCX
2026-07-07 10:07:35,671 INFO     MCX Completed Successfully
2026-07-07 10:07:35,672 INFO     ────────────────────────────────────────────────────────────
2026-07-07 10:07:35,672 INFO     Running APMI
2026-07-07 10:07:40,549 INFO     APMI Completed Successfully
2026-07-07 10:07:40,549 INFO     ────────────────────────────────────────────────────────────
2026-07-07 10:07:40,549 INFO     Running PFRDA
2026-07-07 10:07:59,821 INFO     PFRDA Completed Successfully
2026-07-07 10:07:59,821 INFO     ────────────────────────────────────────────────────────────
2026-07-07 10:07:59,821 INFO     Running NSDL
2026-07-07 10:08:00,781 INFO     NSDL Completed Successfully
2026-07-07 10:08:00,781 INFO     ────────────────────────────────────────────────────────────
2026-07-07 10:08:00,782 INFO     Running SEBI
2026-07-07 10:08:01,403 INFO     SEBI Completed Successfully
2026-07-07 10:08:01,403 INFO     ────────────────────────────────────────────────────────────
2026-07-07 10:08:01,403 INFO     Running IRDAI
2026-07-07 10:08:02,253 INFO     IRDAI Completed Successfully
2026-07-07 10:08:02,253 INFO     ────────────────────────────────────────────────────────────
2026-07-07 10:08:02,253 INFO     Summary
2026-07-07 10:08:02,253 INFO     
2026-07-07 10:08:02,254 INFO     Run completed in 57.9 seconds
2026-07-07 10:08:02,254 INFO     Downloads saved under: C:\ISEC\PDF_Downloader_Automation\downloads
2026-07-07 10:08:02,254 INFO     ════════════════════════════════════════════════════════════
2026-07-07 10:08:02,254 INFO     
2026-07-07 10:10:57,053 INFO     ════════════════════════════════════════════════════════════
2026-07-07 10:10:57,054 INFO     Scraping run started at 2026-07-07 10:10:57
2026-07-07 10:10:57,054 INFO     ════════════════════════════════════════════════════════════
2026-07-07 10:10:57,054 INFO     ────────────────────────────────────────────────────────────
2026-07-07 10:10:57,054 INFO     Running NSE
2026-07-07 10:10:57,702 INFO     NSE Completed Successfully
2026-07-07 10:10:57,702 INFO     ────────────────────────────────────────────────────────────
2026-07-07 10:10:57,703 INFO     Running BSE
2026-07-07 10:10:58,144 INFO     BSE Completed Successfully
2026-07-07 10:10:58,144 INFO     ────────────────────────────────────────────────────────────
2026-07-07 10:10:58,144 INFO     Running CDSL
2026-07-07 10:11:02,637 INFO     CDSL Completed Successfully
2026-07-07 10:11:02,637 INFO     ────────────────────────────────────────────────────────────
2026-07-07 10:11:02,637 INFO     Running AMFI
2026-07-07 10:11:05,846 INFO     AMFI Completed Successfully
2026-07-07 10:11:05,847 INFO     ────────────────────────────────────────────────────────────
2026-07-07 10:11:05,847 INFO     Running ARCL
2026-07-07 10:11:24,150 INFO     ARCL Completed Successfully
2026-07-07 10:11:24,150 INFO     ────────────────────────────────────────────────────────────
2026-07-07 10:11:24,150 INFO     Running CKYC
2026-07-07 10:11:26,390 INFO     CKYC Completed Successfully
2026-07-07 10:11:26,390 INFO     ────────────────────────────────────────────────────────────
2026-07-07 10:11:26,390 INFO     Running MCX
2026-07-07 10:11:27,664 INFO     MCX Completed Successfully
2026-07-07 10:11:27,664 INFO     ────────────────────────────────────────────────────────────
2026-07-07 10:11:27,664 INFO     Running APMI
2026-07-07 10:11:32,634 INFO     APMI Completed Successfully
2026-07-07 10:11:32,634 INFO     ────────────────────────────────────────────────────────────
2026-07-07 10:11:32,634 INFO     Running PFRDA
2026-07-07 10:11:49,944 INFO     PFRDA Completed Successfully
2026-07-07 10:11:49,944 INFO     ────────────────────────────────────────────────────────────
2026-07-07 10:11:49,945 INFO     Running NSDL
2026-07-07 10:11:50,770 INFO     NSDL Completed Successfully
2026-07-07 10:11:50,770 INFO     ────────────────────────────────────────────────────────────
2026-07-07 10:11:50,770 INFO     Running SEBI
2026-07-07 10:11:51,384 INFO     SEBI Completed Successfully
2026-07-07 10:11:51,385 INFO     ────────────────────────────────────────────────────────────
2026-07-07 10:11:51,385 INFO     Running IRDAI
2026-07-07 10:11:52,150 INFO     IRDAI Completed Successfully
2026-07-07 10:11:52,151 INFO     ────────────────────────────────────────────────────────────
2026-07-07 10:11:52,151 INFO     Summary
2026-07-07 10:11:52,151 INFO     
2026-07-07 10:11:52,151 INFO     Run completed in 55.1 seconds
2026-07-07 10:11:52,152 INFO     Downloads saved under: C:\ISEC\PDF_Downloader_Automation\downloads
2026-07-07 10:11:52,152 INFO     ════════════════════════════════════════════════════════════
2026-07-07 10:11:52,152 INFO     
2026-07-07 12:04:12,165 INFO     ════════════════════════════════════════════════════════════
2026-07-07 12:04:12,166 INFO     Scraping run started at 2026-07-07 12:04:12
2026-07-07 12:04:12,166 INFO     ════════════════════════════════════════════════════════════
2026-07-07 12:04:12,166 INFO     ────────────────────────────────────────────────────────────
2026-07-07 12:04:12,166 INFO     Running NSE
2026-07-07 12:04:12,861 INFO     NSE Completed Successfully
2026-07-07 12:04:12,861 INFO     ────────────────────────────────────────────────────────────
2026-07-07 12:04:12,861 INFO     Running BSE
2026-07-07 12:04:14,837 INFO     BSE Completed Successfully
2026-07-07 12:04:14,837 INFO     ────────────────────────────────────────────────────────────
2026-07-07 12:04:14,837 INFO     Running CDSL
2026-07-07 12:04:19,907 INFO     CDSL Completed Successfully
2026-07-07 12:04:19,908 INFO     ────────────────────────────────────────────────────────────
2026-07-07 12:04:19,908 INFO     Running AMFI
2026-07-07 12:04:23,259 INFO     AMFI Completed Successfully
2026-07-07 12:04:23,259 INFO     ────────────────────────────────────────────────────────────
2026-07-07 12:04:23,259 INFO     Running ARCL
2026-07-07 12:04:42,827 INFO     ARCL Completed Successfully
2026-07-07 12:04:42,827 INFO     ────────────────────────────────────────────────────────────
2026-07-07 12:04:42,827 INFO     Running CKYC
2026-07-07 12:04:45,551 INFO     CKYC Completed Successfully
2026-07-07 12:04:45,551 INFO     ────────────────────────────────────────────────────────────
2026-07-07 12:04:45,551 INFO     Running MCX
2026-07-07 12:04:46,759 INFO     MCX Completed Successfully
2026-07-07 12:04:46,759 INFO     ────────────────────────────────────────────────────────────
2026-07-07 12:04:46,759 INFO     Running APMI
2026-07-07 12:04:51,789 INFO     APMI Completed Successfully
2026-07-07 12:04:51,789 INFO     ────────────────────────────────────────────────────────────
2026-07-07 12:04:51,789 INFO     Running PFRDA
2026-07-07 12:05:08,746 INFO     PFRDA Completed Successfully
2026-07-07 12:05:08,746 INFO     ────────────────────────────────────────────────────────────
2026-07-07 12:05:08,746 INFO     Running NSDL
2026-07-07 12:05:29,465 INFO     NSDL Completed Successfully
2026-07-07 12:05:29,465 INFO     ────────────────────────────────────────────────────────────
2026-07-07 12:05:29,465 INFO     Running SEBI
2026-07-07 12:05:30,051 INFO     SEBI Completed Successfully
2026-07-07 12:05:30,051 INFO     ────────────────────────────────────────────────────────────
2026-07-07 12:05:30,051 INFO     Running IRDAI
2026-07-07 12:05:30,794 INFO     IRDAI Completed Successfully
2026-07-07 12:05:30,794 INFO     ────────────────────────────────────────────────────────────
2026-07-07 12:05:30,795 INFO     Summary
2026-07-07 12:05:30,795 INFO     
2026-07-07 12:05:30,795 INFO     Run completed in 78.6 seconds
2026-07-07 12:05:30,795 INFO     Downloads saved under: C:\ISEC\PDF_Downloader_Automation\downloads
2026-07-07 12:05:30,795 INFO     ════════════════════════════════════════════════════════════
2026-07-07 12:05:30,795 INFO     
2026-07-07 12:16:26,232 INFO     ════════════════════════════════════════════════════════════
2026-07-07 12:16:26,232 INFO     Scraping run started at 2026-07-07 12:16:26
2026-07-07 12:16:26,233 INFO     ════════════════════════════════════════════════════════════
2026-07-07 12:16:26,233 INFO     ────────────────────────────────────────────────────────────
2026-07-07 12:16:26,233 INFO     Running NSE
2026-07-07 12:16:26,960 INFO     NSE Completed Successfully
2026-07-07 12:16:26,960 INFO     ────────────────────────────────────────────────────────────
2026-07-07 12:16:26,960 INFO     Running BSE
2026-07-07 12:16:28,366 INFO     BSE Completed Successfully
2026-07-07 12:16:28,366 INFO     ────────────────────────────────────────────────────────────
2026-07-07 12:16:28,366 INFO     Running CDSL
2026-07-07 12:16:33,190 INFO     CDSL Completed Successfully
2026-07-07 12:16:33,190 INFO     ────────────────────────────────────────────────────────────
2026-07-07 12:16:33,190 INFO     Running AMFI
2026-07-07 12:16:35,952 INFO     AMFI Completed Successfully
2026-07-07 12:16:35,952 INFO     ────────────────────────────────────────────────────────────
2026-07-07 12:16:35,952 INFO     Running ARCL
2026-07-07 12:16:53,475 INFO     ARCL Completed Successfully
2026-07-07 12:16:53,475 INFO     ────────────────────────────────────────────────────────────
2026-07-07 12:16:53,475 INFO     Running CKYC
2026-07-07 12:16:56,245 INFO     CKYC Completed Successfully
2026-07-07 12:16:56,245 INFO     ────────────────────────────────────────────────────────────
2026-07-07 12:16:56,245 INFO     Running MCX
2026-07-07 12:16:57,836 INFO     MCX Completed Successfully
2026-07-07 12:16:57,836 INFO     ────────────────────────────────────────────────────────────
2026-07-07 12:16:57,837 INFO     Running APMI
2026-07-07 12:17:02,726 INFO     APMI Completed Successfully
2026-07-07 12:17:02,726 INFO     ────────────────────────────────────────────────────────────
2026-07-07 12:17:02,727 INFO     Running PFRDA
2026-07-07 12:17:19,492 INFO     PFRDA Completed Successfully
2026-07-07 12:17:19,492 INFO     ────────────────────────────────────────────────────────────
2026-07-07 12:17:19,492 INFO     Running NSDL
2026-07-07 12:17:32,824 INFO     NSDL Completed Successfully
2026-07-07 12:17:32,824 INFO     ────────────────────────────────────────────────────────────
2026-07-07 12:17:32,824 INFO     Running SEBI
2026-07-07 12:17:33,419 INFO     SEBI Completed Successfully
2026-07-07 12:17:33,419 INFO     ────────────────────────────────────────────────────────────
2026-07-07 12:17:33,420 INFO     Running IRDAI
2026-07-07 12:17:34,143 INFO     IRDAI Completed Successfully
2026-07-07 12:17:34,144 INFO     ────────────────────────────────────────────────────────────
2026-07-07 12:17:34,144 INFO     Summary
2026-07-07 12:17:34,144 INFO     
2026-07-07 12:17:34,144 INFO     Run completed in 67.9 seconds
2026-07-07 12:17:34,144 INFO     Downloads saved under: C:\ISEC\PDF_Downloader_Automation\downloads
2026-07-07 12:17:34,145 INFO     ════════════════════════════════════════════════════════════
2026-07-07 12:17:34,145 INFO     
2026-07-07 12:18:05,300 INFO     ════════════════════════════════════════════════════════════
2026-07-07 12:18:05,300 INFO     Scraping run started at 2026-07-07 12:18:05
2026-07-07 12:18:05,300 INFO     ════════════════════════════════════════════════════════════
2026-07-07 12:18:05,300 INFO     ────────────────────────────────────────────────────────────
2026-07-07 12:18:05,301 INFO     Running BSE
2026-07-07 12:18:06,076 INFO     BSE Completed Successfully
2026-07-07 12:18:06,076 INFO     ────────────────────────────────────────────────────────────
2026-07-07 12:18:06,077 INFO     Summary
2026-07-07 12:18:06,077 INFO     
2026-07-07 12:18:06,077 INFO     Run completed in 0.8 seconds
2026-07-07 12:18:06,077 INFO     Downloads saved under: C:\ISEC\PDF_Downloader_Automation\downloads
2026-07-07 12:18:06,077 INFO     ════════════════════════════════════════════════════════════
2026-07-07 12:18:06,078 INFO     
2026-07-07 12:19:16,901 INFO     ════════════════════════════════════════════════════════════
2026-07-07 12:19:16,901 INFO     Scraping run started at 2026-07-07 12:19:16
2026-07-07 12:19:16,901 INFO     ════════════════════════════════════════════════════════════
2026-07-07 12:19:16,901 INFO     ────────────────────────────────────────────────────────────
2026-07-07 12:19:16,901 INFO     Running BSE
2026-07-07 12:19:17,631 INFO     BSE Completed Successfully
2026-07-07 12:19:17,632 INFO     ────────────────────────────────────────────────────────────
2026-07-07 12:19:17,632 INFO     Summary
2026-07-07 12:19:17,632 INFO     
2026-07-07 12:19:17,632 INFO     Run completed in 0.7 seconds
2026-07-07 12:19:17,632 INFO     Downloads saved under: C:\ISEC\PDF_Downloader_Automation\downloads
2026-07-07 12:19:17,633 INFO     ════════════════════════════════════════════════════════════
2026-07-07 12:19:17,633 INFO     
2026-07-07 12:19:24,559 INFO     ════════════════════════════════════════════════════════════
2026-07-07 12:19:24,559 INFO     Scraping run started at 2026-07-07 12:19:24
2026-07-07 12:19:24,559 INFO     ════════════════════════════════════════════════════════════
2026-07-07 12:19:24,560 INFO     ────────────────────────────────────────────────────────────
2026-07-07 12:19:24,560 INFO     Running BSE
2026-07-07 12:19:25,185 INFO     BSE Completed Successfully
2026-07-07 12:19:25,185 INFO     ────────────────────────────────────────────────────────────
2026-07-07 12:19:25,185 INFO     Summary
2026-07-07 12:19:25,185 INFO     
2026-07-07 12:19:25,186 INFO     Run completed in 0.6 seconds
2026-07-07 12:19:25,186 INFO     Downloads saved under: C:\ISEC\PDF_Downloader_Automation\downloads
2026-07-07 12:19:25,186 INFO     ════════════════════════════════════════════════════════════
2026-07-07 12:19:25,186 INFO     
2026-07-07 12:24:15,253 INFO     ════════════════════════════════════════════════════════════
2026-07-07 12:24:15,254 INFO     Scraping run started at 2026-07-07 12:24:15
2026-07-07 12:24:15,255 INFO     ════════════════════════════════════════════════════════════
2026-07-07 12:24:15,255 INFO     ────────────────────────────────────────────────────────────
2026-07-07 12:24:15,256 INFO     Running BSE
2026-07-07 12:24:16,444 INFO     BSE Completed Successfully
2026-07-07 12:24:16,445 INFO     ────────────────────────────────────────────────────────────
2026-07-07 12:24:16,445 INFO     Summary
2026-07-07 12:24:16,445 INFO     
2026-07-07 12:24:16,445 INFO     Run completed in 1.2 seconds
2026-07-07 12:24:16,446 INFO     Downloads saved under: C:\ISEC\PDF_Downloader_Automation\downloads
2026-07-07 12:24:16,447 INFO     ════════════════════════════════════════════════════════════
2026-07-07 12:24:16,447 INFO     
2026-07-07 12:24:22,961 INFO     ════════════════════════════════════════════════════════════
2026-07-07 12:24:22,961 INFO     Scraping run started at 2026-07-07 12:24:22
2026-07-07 12:24:22,961 INFO     ════════════════════════════════════════════════════════════
2026-07-07 12:24:22,961 INFO     ────────────────────────────────────────────────────────────
2026-07-07 12:24:22,961 INFO     Running BSE
2026-07-07 12:24:23,712 INFO     BSE Completed Successfully
2026-07-07 12:24:23,712 INFO     ────────────────────────────────────────────────────────────
2026-07-07 12:24:23,712 INFO     Summary
2026-07-07 12:24:23,712 INFO     
2026-07-07 12:24:23,712 INFO     Run completed in 0.8 seconds
2026-07-07 12:24:23,713 INFO     Downloads saved under: C:\ISEC\PDF_Downloader_Automation\downloads
2026-07-07 12:24:23,713 INFO     ════════════════════════════════════════════════════════════
2026-07-07 12:24:23,713 INFO     
2026-07-07 12:24:37,567 INFO     ════════════════════════════════════════════════════════════
2026-07-07 12:24:37,567 INFO     Scraping run started at 2026-07-07 12:24:37
2026-07-07 12:24:37,568 INFO     ════════════════════════════════════════════════════════════
2026-07-07 12:24:37,569 INFO     ────────────────────────────────────────────────────────────
2026-07-07 12:24:37,569 INFO     Running BSE
2026-07-07 12:24:38,189 INFO     BSE Completed Successfully
2026-07-07 12:24:38,189 INFO     ────────────────────────────────────────────────────────────
2026-07-07 12:24:38,189 INFO     Summary
2026-07-07 12:24:38,189 INFO     
2026-07-07 12:24:38,190 INFO     Run completed in 0.6 seconds
2026-07-07 12:24:38,190 INFO     Downloads saved under: C:\ISEC\PDF_Downloader_Automation\downloads
2026-07-07 12:24:38,190 INFO     ════════════════════════════════════════════════════════════
2026-07-07 12:24:38,190 INFO     
2026-07-07 12:27:11,437 INFO     ════════════════════════════════════════════════════════════
2026-07-07 12:27:11,438 INFO     Scraping run started at 2026-07-07 12:27:11
2026-07-07 12:27:11,438 INFO     ════════════════════════════════════════════════════════════
2026-07-07 12:27:11,438 INFO     ────────────────────────────────────────────────────────────
2026-07-07 12:27:11,438 INFO     Running BSE
2026-07-07 12:27:14,524 INFO     BSE Completed Successfully
2026-07-07 12:27:14,525 INFO     ────────────────────────────────────────────────────────────
2026-07-07 12:27:14,525 INFO     Summary
2026-07-07 12:27:14,525 INFO     
2026-07-07 12:27:14,525 INFO     Run completed in 3.1 seconds
2026-07-07 12:27:45,829 INFO     ════════════════════════════════════════════════════════════
2026-07-07 12:27:45,829 INFO     Scraping run started at 2026-07-07 12:27:45
2026-07-07 12:27:45,829 INFO     ════════════════════════════════════════════════════════════
2026-07-07 12:27:45,830 INFO     ────────────────────────────────────────────────────────────
2026-07-07 12:27:45,830 INFO     Running BSE
2026-07-07 12:27:46,580 INFO     BSE Completed Successfully
2026-07-07 12:27:46,580 INFO     ────────────────────────────────────────────────────────────
2026-07-07 12:27:46,580 INFO     Summary
2026-07-07 12:27:46,580 INFO     
2026-07-07 12:27:46,581 INFO     Run completed in 0.8 seconds
2026-07-07 12:27:46,581 INFO     ════════════════════════════════════════════════════════════
2026-07-07 12:27:46,581 INFO     
2026-07-07 12:27:56,104 INFO     ════════════════════════════════════════════════════════════
2026-07-07 12:27:56,105 INFO     Scraping run started at 2026-07-07 12:27:56
2026-07-07 12:27:56,105 INFO     ════════════════════════════════════════════════════════════
2026-07-07 12:27:56,105 INFO     ────────────────────────────────────────────────────────────
2026-07-07 12:27:56,105 INFO     Running BSE
2026-07-07 12:27:56,818 INFO     BSE Completed Successfully
2026-07-07 12:27:56,818 INFO     ────────────────────────────────────────────────────────────
2026-07-07 12:27:56,818 INFO     Summary
2026-07-07 12:27:56,818 INFO     
2026-07-07 12:27:56,818 INFO     Run completed in 0.7 seconds
2026-07-07 12:27:56,819 INFO     ════════════════════════════════════════════════════════════
2026-07-07 12:27:56,819 INFO     
2026-07-07 12:30:53,355 INFO     ════════════════════════════════════════════════════════════
2026-07-07 12:30:53,355 INFO     Scraping run started at 2026-07-07 12:30:53
2026-07-07 12:30:53,355 INFO     ════════════════════════════════════════════════════════════
2026-07-07 12:30:53,355 INFO     ────────────────────────────────────────────────────────────
2026-07-07 12:30:53,356 INFO     Running NSE
2026-07-07 12:30:53,357 ERROR    NSE Failed
Traceback (most recent call last):
  File "C:\ISEC\PDF_Downloader_Automation\main.py", line 53, in run_website
    function()
    ~~~~~~~~^^
  File "C:\ISEC\PDF_Downloader_Automation\extractors\nse.py", line 55, in download_nse
    with NSE() as nse:
         ~~~^^
TypeError: NSE.__init__() missing 1 required positional argument: 'download_folder'
2026-07-07 12:30:53,360 INFO     ────────────────────────────────────────────────────────────
2026-07-07 12:30:53,360 INFO     Running BSE
2026-07-07 12:30:54,622 INFO     BSE Completed Successfully
2026-07-07 12:30:54,622 INFO     ────────────────────────────────────────────────────────────
2026-07-07 12:30:54,623 INFO     Running CDSL
2026-07-07 12:30:58,392 INFO     CDSL Completed Successfully
2026-07-07 12:30:58,392 INFO     ────────────────────────────────────────────────────────────
2026-07-07 12:30:58,392 INFO     Running AMFI
2026-07-07 12:31:00,895 INFO     AMFI Completed Successfully
2026-07-07 12:31:00,896 INFO     ────────────────────────────────────────────────────────────
2026-07-07 12:31:00,896 INFO     Running ARCL
2026-07-07 12:31:19,317 INFO     ARCL Completed Successfully
2026-07-07 12:31:19,318 INFO     ────────────────────────────────────────────────────────────
2026-07-07 12:31:19,318 INFO     Running CKYC
2026-07-07 12:31:21,843 INFO     CKYC Completed Successfully
2026-07-07 12:31:21,843 INFO     ────────────────────────────────────────────────────────────
2026-07-07 12:31:21,843 INFO     Running MCX
2026-07-07 12:31:23,177 INFO     MCX Completed Successfully
2026-07-07 12:31:23,177 INFO     ────────────────────────────────────────────────────────────
2026-07-07 12:31:23,177 INFO     Running APMI
2026-07-07 12:31:28,740 INFO     APMI Completed Successfully
2026-07-07 12:31:28,740 INFO     ────────────────────────────────────────────────────────────
2026-07-07 12:31:28,741 INFO     Running PFRDA
2026-07-07 12:31:28,813 INFO     ════════════════════════════════════════════════════════════
2026-07-07 12:31:28,813 INFO     Scraping run started at 2026-07-07 12:31:28
2026-07-07 12:31:28,814 INFO     ════════════════════════════════════════════════════════════
2026-07-07 12:31:28,814 INFO     ────────────────────────────────────────────────────────────
2026-07-07 12:31:28,814 INFO     Running NSE
2026-07-07 12:31:28,814 ERROR    NSE Failed
Traceback (most recent call last):
  File "C:\ISEC\PDF_Downloader_Automation\main.py", line 53, in run_website
    function()
    ~~~~~~~~^^
  File "C:\ISEC\PDF_Downloader_Automation\extractors\nse.py", line 55, in download_nse
    with NSE() as nse:
         ~~~^^
TypeError: NSE.__init__() missing 1 required positional argument: 'download_folder'
2026-07-07 12:31:28,815 INFO     ────────────────────────────────────────────────────────────
2026-07-07 12:31:28,816 INFO     Running BSE
2026-07-07 12:31:29,704 INFO     BSE Completed Successfully
2026-07-07 12:31:29,704 INFO     ────────────────────────────────────────────────────────────
2026-07-07 12:31:29,704 INFO     Running CDSL
2026-07-07 12:31:33,481 INFO     CDSL Completed Successfully
2026-07-07 12:31:33,481 INFO     ────────────────────────────────────────────────────────────
2026-07-07 12:31:33,482 INFO     Running AMFI
2026-07-07 12:31:35,999 INFO     AMFI Completed Successfully
2026-07-07 12:31:35,999 INFO     ────────────────────────────────────────────────────────────
2026-07-07 12:31:35,999 INFO     Running ARCL
2026-07-07 12:31:46,540 INFO     PFRDA Completed Successfully
2026-07-07 12:31:46,540 INFO     ────────────────────────────────────────────────────────────
2026-07-07 12:31:46,541 INFO     Running NSDL
2026-07-07 12:31:55,707 INFO     ARCL Completed Successfully
2026-07-07 12:31:55,707 INFO     ────────────────────────────────────────────────────────────
2026-07-07 12:31:55,708 INFO     Running CKYC
2026-07-07 12:31:58,303 INFO     CKYC Completed Successfully
2026-07-07 12:31:58,303 INFO     ────────────────────────────────────────────────────────────
2026-07-07 12:31:58,303 INFO     Running MCX
2026-07-07 12:31:59,561 INFO     MCX Completed Successfully
2026-07-07 12:31:59,561 INFO     ────────────────────────────────────────────────────────────
2026-07-07 12:31:59,561 INFO     Running APMI
2026-07-07 12:32:02,996 INFO     NSDL Completed Successfully
2026-07-07 12:32:02,996 INFO     ────────────────────────────────────────────────────────────
2026-07-07 12:32:02,996 INFO     Running SEBI
2026-07-07 12:32:03,757 INFO     SEBI Completed Successfully
2026-07-07 12:32:03,757 INFO     ────────────────────────────────────────────────────────────
2026-07-07 12:32:03,757 INFO     Running IRDAI
2026-07-07 12:32:06,500 INFO     APMI Completed Successfully
2026-07-07 12:32:06,500 INFO     ────────────────────────────────────────────────────────────
2026-07-07 12:32:06,500 INFO     Running PFRDA
2026-07-07 12:32:07,469 INFO     IRDAI Completed Successfully
2026-07-07 12:32:07,470 INFO     ────────────────────────────────────────────────────────────
2026-07-07 12:32:07,470 INFO     Summary
2026-07-07 12:32:07,470 INFO     
2026-07-07 12:32:07,471 INFO     Run completed in 74.1 seconds
2026-07-07 12:32:07,471 INFO     Downloads saved under: C:\ISEC\PDF_Downloader_Automation\downloads
2026-07-07 12:32:07,472 INFO     ════════════════════════════════════════════════════════════
2026-07-07 12:32:07,472 INFO     
2026-07-07 12:32:23,851 INFO     PFRDA Completed Successfully
2026-07-07 12:32:23,852 INFO     ────────────────────────────────────────────────────────────
2026-07-07 12:32:23,852 INFO     Running NSDL
2026-07-07 12:32:39,000 INFO     NSDL Completed Successfully
2026-07-07 12:32:39,000 INFO     ────────────────────────────────────────────────────────────
2026-07-07 12:32:39,000 INFO     Running SEBI
2026-07-07 12:32:39,645 INFO     SEBI Completed Successfully
2026-07-07 12:32:39,645 INFO     ────────────────────────────────────────────────────────────
2026-07-07 12:32:39,645 INFO     Running IRDAI
2026-07-07 12:32:40,608 INFO     IRDAI Completed Successfully
2026-07-07 12:32:40,608 INFO     ────────────────────────────────────────────────────────────
2026-07-07 12:32:40,608 INFO     Summary
2026-07-07 12:32:40,608 INFO     
2026-07-07 12:32:40,609 INFO     Run completed in 71.8 seconds
2026-07-07 12:32:40,609 INFO     Downloads saved under: C:\ISEC\PDF_Downloader_Automation\downloads
2026-07-07 12:32:40,609 INFO     ════════════════════════════════════════════════════════════
2026-07-07 12:32:40,610 INFO     
2026-07-07 12:35:14,071 INFO     ════════════════════════════════════════════════════════════
2026-07-07 12:35:14,071 INFO     Scraping run started at 2026-07-07 12:35:14
2026-07-07 12:35:14,072 INFO     ════════════════════════════════════════════════════════════
2026-07-07 12:35:14,072 INFO     ────────────────────────────────────────────────────────────
2026-07-07 12:35:14,072 INFO     Running NSE
2026-07-07 12:35:14,787 ERROR    NSE Failed
Traceback (most recent call last):
  File "C:\ISEC\PDF_Downloader_Automation\main.py", line 53, in run_website
    function()
    ~~~~~~~~^^
  File "C:\ISEC\PDF_Downloader_Automation\extractors\nse.py", line 64, in download_nse
    with NSE() as nse:
         ~~~^^
TypeError: NSE.__init__() missing 1 required positional argument: 'download_folder'
2026-07-07 12:35:14,788 INFO     ────────────────────────────────────────────────────────────
2026-07-07 12:35:14,789 INFO     Running BSE
2026-07-07 12:35:15,713 INFO     BSE Completed Successfully
2026-07-07 12:35:15,713 INFO     ────────────────────────────────────────────────────────────
2026-07-07 12:35:15,713 INFO     Running CDSL
2026-07-07 12:35:19,400 INFO     CDSL Completed Successfully
2026-07-07 12:35:19,400 INFO     ────────────────────────────────────────────────────────────
2026-07-07 12:35:19,400 INFO     Running AMFI
2026-07-07 12:35:21,756 INFO     AMFI Completed Successfully
2026-07-07 12:35:21,757 INFO     ────────────────────────────────────────────────────────────
2026-07-07 12:35:21,757 INFO     Running ARCL
2026-07-07 12:35:41,608 INFO     ARCL Completed Successfully
2026-07-07 12:35:41,608 INFO     ────────────────────────────────────────────────────────────
2026-07-07 12:35:41,608 INFO     Running CKYC
2026-07-07 12:35:44,091 INFO     CKYC Completed Successfully
2026-07-07 12:35:44,091 INFO     ────────────────────────────────────────────────────────────
2026-07-07 12:35:44,092 INFO     Running MCX
2026-07-07 12:35:45,388 INFO     MCX Completed Successfully
2026-07-07 12:35:45,388 INFO     ────────────────────────────────────────────────────────────
2026-07-07 12:35:45,389 INFO     Running APMI
2026-07-07 12:35:51,873 INFO     APMI Completed Successfully
2026-07-07 12:35:51,873 INFO     ────────────────────────────────────────────────────────────
2026-07-07 12:35:51,873 INFO     Running PFRDA
2026-07-07 12:36:11,467 INFO     PFRDA Completed Successfully
2026-07-07 12:36:11,468 INFO     ────────────────────────────────────────────────────────────
2026-07-07 12:36:11,468 INFO     Running NSDL
2026-07-07 12:36:26,887 INFO     NSDL Completed Successfully
2026-07-07 12:36:26,888 INFO     ────────────────────────────────────────────────────────────
2026-07-07 12:36:26,888 INFO     Running SEBI
2026-07-07 12:36:27,543 INFO     SEBI Completed Successfully
2026-07-07 12:36:27,543 INFO     ────────────────────────────────────────────────────────────
2026-07-07 12:36:27,543 INFO     Running IRDAI
2026-07-07 12:36:28,698 INFO     IRDAI Completed Successfully
2026-07-07 12:36:28,698 INFO     ────────────────────────────────────────────────────────────
2026-07-07 12:36:28,698 INFO     Summary
2026-07-07 12:36:28,699 INFO     
2026-07-07 12:36:28,699 INFO     Run completed in 74.6 seconds
2026-07-07 12:36:28,699 INFO     Downloads saved under: C:\ISEC\PDF_Downloader_Automation\downloads
2026-07-07 12:36:28,700 INFO     ════════════════════════════════════════════════════════════
2026-07-07 12:36:28,700 INFO     
2026-07-07 12:36:41,841 INFO     ════════════════════════════════════════════════════════════
2026-07-07 12:36:41,841 INFO     Scraping run started at 2026-07-07 12:36:41
2026-07-07 12:36:41,841 INFO     ════════════════════════════════════════════════════════════
2026-07-07 12:36:41,841 INFO     ────────────────────────────────────────────────────────────
2026-07-07 12:36:41,841 INFO     Running NSE
2026-07-07 12:36:42,741 INFO     NSE Completed Successfully
2026-07-07 12:36:42,741 INFO     ────────────────────────────────────────────────────────────
2026-07-07 12:36:42,742 INFO     Running BSE
2026-07-07 12:36:43,705 INFO     BSE Completed Successfully
2026-07-07 12:36:43,706 INFO     ────────────────────────────────────────────────────────────
2026-07-07 12:36:43,706 INFO     Running CDSL
2026-07-07 12:36:47,256 INFO     CDSL Completed Successfully
2026-07-07 12:36:47,257 INFO     ────────────────────────────────────────────────────────────
2026-07-07 12:36:47,257 INFO     Running AMFI
2026-07-07 12:36:49,701 INFO     AMFI Completed Successfully
2026-07-07 12:36:49,701 INFO     ────────────────────────────────────────────────────────────
2026-07-07 12:36:49,701 INFO     Running ARCL
2026-07-07 12:37:08,618 INFO     ARCL Completed Successfully
2026-07-07 12:37:08,619 INFO     ────────────────────────────────────────────────────────────
2026-07-07 12:37:08,619 INFO     Running CKYC
2026-07-07 12:37:11,125 INFO     CKYC Completed Successfully
2026-07-07 12:37:11,125 INFO     ────────────────────────────────────────────────────────────
2026-07-07 12:37:11,125 INFO     Running MCX
2026-07-07 12:37:12,481 INFO     MCX Completed Successfully
2026-07-07 12:37:12,481 INFO     ────────────────────────────────────────────────────────────
2026-07-07 12:37:12,481 INFO     Running APMI
2026-07-07 12:37:17,557 INFO     APMI Completed Successfully
2026-07-07 12:37:17,557 INFO     ────────────────────────────────────────────────────────────
2026-07-07 12:37:17,557 INFO     Running PFRDA
2026-07-07 12:37:34,927 INFO     PFRDA Completed Successfully
2026-07-07 12:37:34,927 INFO     ────────────────────────────────────────────────────────────
2026-07-07 12:37:34,928 INFO     Running NSDL
2026-07-07 12:37:48,016 INFO     NSDL Completed Successfully
2026-07-07 12:37:48,016 INFO     ────────────────────────────────────────────────────────────
2026-07-07 12:37:48,016 INFO     Running SEBI
2026-07-07 12:37:48,653 INFO     SEBI Completed Successfully
2026-07-07 12:37:48,653 INFO     ────────────────────────────────────────────────────────────
2026-07-07 12:37:48,653 INFO     Running IRDAI
2026-07-07 12:37:49,456 INFO     IRDAI Completed Successfully
2026-07-07 12:37:49,456 INFO     ────────────────────────────────────────────────────────────
2026-07-07 12:37:49,457 INFO     Summary
2026-07-07 12:37:49,457 INFO     
2026-07-07 12:37:49,457 INFO     Run completed in 67.6 seconds
2026-07-07 12:37:49,457 INFO     Downloads saved under: C:\ISEC\PDF_Downloader_Automation\downloads
2026-07-07 12:37:49,458 INFO     ════════════════════════════════════════════════════════════
2026-07-07 12:37:49,458 INFO     
2026-07-07 12:44:38,277 INFO     ════════════════════════════════════════════════════════════
2026-07-07 12:44:38,277 INFO     Scraping run started at 2026-07-07 12:44:38
2026-07-07 12:44:38,278 INFO     ════════════════════════════════════════════════════════════
2026-07-07 12:44:38,278 INFO     ────────────────────────────────────────────────────────────
2026-07-07 12:44:38,278 INFO     Running NSE
2026-07-07 12:44:39,072 INFO     NSE Completed Successfully
2026-07-07 12:44:39,072 INFO     ────────────────────────────────────────────────────────────
2026-07-07 12:44:39,072 INFO     Running BSE
2026-07-07 12:44:39,932 INFO     BSE Completed Successfully
2026-07-07 12:44:39,932 INFO     ────────────────────────────────────────────────────────────
2026-07-07 12:44:39,932 INFO     Running CDSL
2026-07-07 12:44:43,733 INFO     CDSL Completed Successfully
2026-07-07 12:44:43,733 INFO     ────────────────────────────────────────────────────────────
2026-07-07 12:44:43,733 INFO     Running AMFI
2026-07-07 12:44:46,159 INFO     AMFI Completed Successfully
2026-07-07 12:44:46,159 INFO     ────────────────────────────────────────────────────────────
2026-07-07 12:44:46,159 INFO     Running ARCL
2026-07-07 12:45:03,755 INFO     ARCL Completed Successfully
2026-07-07 12:45:03,756 INFO     ────────────────────────────────────────────────────────────
2026-07-07 12:45:03,756 INFO     Running CKYC
2026-07-07 12:45:06,186 INFO     CKYC Completed Successfully
2026-07-07 12:45:06,186 INFO     ────────────────────────────────────────────────────────────
2026-07-07 12:45:06,186 INFO     Running MCX
2026-07-07 12:45:07,593 INFO     MCX Completed Successfully
2026-07-07 12:45:07,593 INFO     ────────────────────────────────────────────────────────────
2026-07-07 12:45:07,594 INFO     Running APMI
2026-07-07 12:45:12,764 INFO     APMI Completed Successfully
2026-07-07 12:45:12,764 INFO     ────────────────────────────────────────────────────────────
2026-07-07 12:45:12,764 INFO     Running PFRDA
2026-07-07 12:45:29,657 INFO     PFRDA Completed Successfully
2026-07-07 12:45:29,658 INFO     ────────────────────────────────────────────────────────────
2026-07-07 12:45:29,658 INFO     Running NSDL
2026-07-07 12:45:42,309 INFO     NSDL Completed Successfully
2026-07-07 12:45:42,309 INFO     ────────────────────────────────────────────────────────────
2026-07-07 12:45:42,309 INFO     Running SEBI
2026-07-07 12:45:42,970 INFO     SEBI Completed Successfully
2026-07-07 12:45:42,970 INFO     ────────────────────────────────────────────────────────────
2026-07-07 12:45:42,970 INFO     Running IRDAI
2026-07-07 12:45:43,834 INFO     IRDAI Completed Successfully
2026-07-07 12:45:43,834 INFO     ────────────────────────────────────────────────────────────
2026-07-07 12:45:43,834 INFO     Summary
2026-07-07 12:45:43,835 INFO     
2026-07-07 12:45:43,835 INFO     Run completed in 65.6 seconds
2026-07-07 12:45:43,835 INFO     Downloads saved under: C:\ISEC\PDF_Downloader_Automation\downloads
2026-07-07 12:45:43,835 INFO     ════════════════════════════════════════════════════════════
2026-07-07 12:45:43,835 INFO     
2026-07-07 12:49:26,765 INFO     ════════════════════════════════════════════════════════════
2026-07-07 12:49:26,765 INFO     Scraping run started at 2026-07-07 12:49:26
2026-07-07 12:49:26,765 INFO     ════════════════════════════════════════════════════════════
2026-07-07 12:49:26,765 INFO     ────────────────────────────────────────────────────────────
2026-07-07 12:49:26,766 INFO     Running NSE
2026-07-07 12:49:27,519 INFO     NSE Completed Successfully
2026-07-07 12:49:27,519 INFO     ────────────────────────────────────────────────────────────
2026-07-07 12:49:27,519 INFO     Running BSE
2026-07-07 12:49:28,262 INFO     BSE Completed Successfully
2026-07-07 12:49:28,263 INFO     ────────────────────────────────────────────────────────────
2026-07-07 12:49:28,263 INFO     Running CDSL
2026-07-07 12:49:31,865 INFO     CDSL Completed Successfully
2026-07-07 12:49:31,865 INFO     ────────────────────────────────────────────────────────────
2026-07-07 12:49:31,865 INFO     Running AMFI
2026-07-07 12:49:34,145 INFO     AMFI Completed Successfully
2026-07-07 12:49:34,146 INFO     ────────────────────────────────────────────────────────────
2026-07-07 12:49:34,146 INFO     Running ARCL
2026-07-07 12:49:51,103 INFO     ARCL Completed Successfully
2026-07-07 12:49:51,103 INFO     ────────────────────────────────────────────────────────────
2026-07-07 12:49:51,103 INFO     Running CKYC
2026-07-07 12:49:53,388 INFO     CKYC Completed Successfully
2026-07-07 12:49:53,388 INFO     ────────────────────────────────────────────────────────────
2026-07-07 12:49:53,388 INFO     Running MCX
2026-07-07 12:49:54,604 INFO     MCX Completed Successfully
2026-07-07 12:49:54,604 INFO     ────────────────────────────────────────────────────────────
2026-07-07 12:49:54,605 INFO     Running APMI
2026-07-07 12:49:59,513 INFO     APMI Completed Successfully
2026-07-07 12:49:59,513 INFO     ────────────────────────────────────────────────────────────
2026-07-07 12:49:59,513 INFO     Running PFRDA
2026-07-07 12:50:16,467 INFO     PFRDA Completed Successfully
2026-07-07 12:50:16,467 INFO     ────────────────────────────────────────────────────────────
2026-07-07 12:50:16,467 INFO     Running NSDL
2026-07-07 12:50:30,614 INFO     NSDL Completed Successfully
2026-07-07 12:50:30,615 INFO     ────────────────────────────────────────────────────────────
2026-07-07 12:50:30,615 INFO     Running SEBI
2026-07-07 12:50:31,319 INFO     SEBI Completed Successfully
2026-07-07 12:50:31,319 INFO     ────────────────────────────────────────────────────────────
2026-07-07 12:50:31,319 INFO     Running IRDAI
2026-07-07 12:50:32,211 INFO     IRDAI Completed Successfully
2026-07-07 12:50:32,211 INFO     ────────────────────────────────────────────────────────────
2026-07-07 12:50:32,212 INFO     Summary
2026-07-07 12:50:32,212 INFO     
2026-07-07 12:50:32,212 INFO     Run completed in 65.4 seconds
2026-07-07 12:50:32,212 INFO     Downloads saved under: C:\ISEC\PDF_Downloader_Automation\downloads
2026-07-07 12:50:32,213 INFO     ════════════════════════════════════════════════════════════
2026-07-07 12:50:32,213 INFO     
2026-07-07 12:53:21,000 INFO     ════════════════════════════════════════════════════════════
2026-07-07 12:53:21,000 INFO     Scraping run started at 2026-07-07 12:53:21
2026-07-07 12:53:21,000 INFO     ════════════════════════════════════════════════════════════
2026-07-07 12:53:21,000 INFO     ────────────────────────────────────────────────────────────
2026-07-07 12:53:21,000 INFO     Running NSE
2026-07-07 12:53:21,694 INFO     NSE Completed Successfully
2026-07-07 12:53:21,695 INFO     ────────────────────────────────────────────────────────────
2026-07-07 12:53:21,695 INFO     Running BSE
2026-07-07 12:53:22,387 INFO     BSE Completed Successfully
2026-07-07 12:53:22,387 INFO     ────────────────────────────────────────────────────────────
2026-07-07 12:53:22,387 INFO     Running CDSL
2026-07-07 12:53:26,010 INFO     CDSL Completed Successfully
2026-07-07 12:53:26,011 INFO     ────────────────────────────────────────────────────────────
2026-07-07 12:53:26,011 INFO     Running AMFI
2026-07-07 12:53:28,330 INFO     AMFI Completed Successfully
2026-07-07 12:53:28,330 INFO     ────────────────────────────────────────────────────────────
2026-07-07 12:53:28,330 INFO     Running ARCL
2026-07-07 12:53:45,643 INFO     ARCL Completed Successfully
2026-07-07 12:53:45,644 INFO     ────────────────────────────────────────────────────────────
2026-07-07 12:53:45,644 INFO     Running CKYC
2026-07-07 12:53:47,904 INFO     CKYC Completed Successfully
2026-07-07 12:53:47,905 INFO     ────────────────────────────────────────────────────────────
2026-07-07 12:53:47,905 INFO     Running MCX
2026-07-07 12:53:49,222 INFO     MCX Completed Successfully
2026-07-07 12:53:49,222 INFO     ────────────────────────────────────────────────────────────
2026-07-07 12:53:49,222 INFO     Running APMI
2026-07-07 12:53:54,100 INFO     APMI Completed Successfully
2026-07-07 12:53:54,100 INFO     ────────────────────────────────────────────────────────────
2026-07-07 12:53:54,100 INFO     Running PFRDA
2026-07-07 12:54:10,405 INFO     PFRDA Completed Successfully
2026-07-07 12:54:10,405 INFO     ────────────────────────────────────────────────────────────
2026-07-07 12:54:10,406 INFO     Running NSDL
2026-07-07 12:54:23,843 INFO     NSDL Completed Successfully
2026-07-07 12:54:23,844 INFO     ────────────────────────────────────────────────────────────
2026-07-07 12:54:23,844 INFO     Running SEBI
2026-07-07 12:54:24,442 INFO     SEBI Completed Successfully
2026-07-07 12:54:24,443 INFO     ────────────────────────────────────────────────────────────
2026-07-07 12:54:24,443 INFO     Running IRDAI
2026-07-07 12:54:25,152 INFO     IRDAI Completed Successfully
2026-07-07 12:54:25,156 INFO     ────────────────────────────────────────────────────────────
2026-07-07 12:54:25,156 INFO     Summary
2026-07-07 12:54:25,156 INFO     
2026-07-07 12:54:25,156 INFO     Run completed in 64.2 seconds
2026-07-07 12:54:25,157 INFO     Downloads saved under: C:\ISEC\PDF_Downloader_Automation\downloads
2026-07-07 12:54:25,157 INFO     ════════════════════════════════════════════════════════════
2026-07-07 12:54:25,157 INFO     
2026-07-07 12:55:54,841 INFO     ════════════════════════════════════════════════════════════
2026-07-07 12:55:54,841 INFO     Scraping run started at 2026-07-07 12:55:54
2026-07-07 12:55:54,842 INFO     ════════════════════════════════════════════════════════════
2026-07-07 12:55:54,842 INFO     ────────────────────────────────────────────────────────────
2026-07-07 12:55:54,842 INFO     Running NSE
2026-07-07 12:55:55,601 INFO     NSE Completed Successfully
2026-07-07 12:55:55,602 INFO     ────────────────────────────────────────────────────────────
2026-07-07 12:55:55,602 INFO     Running BSE
2026-07-07 12:55:57,523 INFO     BSE Completed Successfully
2026-07-07 12:55:57,523 INFO     ────────────────────────────────────────────────────────────
2026-07-07 12:55:57,523 INFO     Running CDSL
2026-07-07 12:56:01,102 INFO     CDSL Completed Successfully
2026-07-07 12:56:01,102 INFO     ────────────────────────────────────────────────────────────
2026-07-07 12:56:01,102 INFO     Running AMFI
2026-07-07 12:56:03,705 INFO     AMFI Completed Successfully
2026-07-07 12:56:03,706 INFO     ────────────────────────────────────────────────────────────
2026-07-07 12:56:03,706 INFO     Running ARCL
2026-07-07 12:56:21,558 INFO     ARCL Completed Successfully
2026-07-07 12:56:21,558 INFO     ────────────────────────────────────────────────────────────
2026-07-07 12:56:21,558 INFO     Running CKYC
2026-07-07 12:56:24,010 INFO     CKYC Completed Successfully
2026-07-07 12:56:24,010 INFO     ────────────────────────────────────────────────────────────
2026-07-07 12:56:24,010 INFO     Running MCX
2026-07-07 12:56:25,300 INFO     MCX Completed Successfully
2026-07-07 12:56:25,300 INFO     ────────────────────────────────────────────────────────────
2026-07-07 12:56:25,300 INFO     Running APMI
2026-07-07 12:56:30,247 INFO     APMI Completed Successfully
2026-07-07 12:56:30,247 INFO     ────────────────────────────────────────────────────────────
2026-07-07 12:56:30,247 INFO     Running PFRDA
2026-07-07 12:56:46,494 INFO     PFRDA Completed Successfully
2026-07-07 12:56:46,494 INFO     ────────────────────────────────────────────────────────────
2026-07-07 12:56:46,495 INFO     Running NSDL
2026-07-07 12:56:58,860 INFO     NSDL Completed Successfully
2026-07-07 12:56:58,861 INFO     ────────────────────────────────────────────────────────────
2026-07-07 12:56:58,861 INFO     Running SEBI
2026-07-07 12:56:59,504 INFO     SEBI Completed Successfully
2026-07-07 12:56:59,504 INFO     ────────────────────────────────────────────────────────────
2026-07-07 12:56:59,504 INFO     Running IRDAI
2026-07-07 12:57:00,330 INFO     IRDAI Completed Successfully
2026-07-07 12:57:00,330 INFO     ────────────────────────────────────────────────────────────
2026-07-07 12:57:00,331 INFO     Summary
2026-07-07 12:57:00,331 INFO     
2026-07-07 12:57:00,331 INFO     Run completed in 65.5 seconds
2026-07-07 12:57:00,331 INFO     Downloads saved under: C:\ISEC\PDF_Downloader_Automation\downloads
2026-07-07 12:57:00,332 INFO     ════════════════════════════════════════════════════════════
2026-07-07 12:57:00,332 INFO     
